Date,Open,High,Low,Close,Volume,Dividends,Stock Splits
2022-03-15 00:00:00-04:00,4.230000019073486,4.449999809265137,4.199999809265137,4.269999980926514,55500,0.0,0.0
2022-03-16 00:00:00-04:00,4.380000114440918,4.599999904632568,4.355000019073486,4.579999923706055,73600,0.0,0.0
2022-03-17 00:00:00-04:00,4.590000152587891,4.670000076293945,4.500999927520752,4.650000095367432,21800,0.0,0.0
2022-03-18 00:00:00-04:00,4.75,4.760000228881836,4.144999980926514,4.210000038146973,130300,0.0,0.0
2022-03-21 00:00:00-04:00,4.300000190734863,4.328000068664551,4.175000190734863,4.300000190734863,107600,0.0,0.0
2022-03-22 00:00:00-04:00,4.380000114440918,4.380000114440918,4.099999904632568,4.170000076293945,104200,0.0,0.0
2022-03-23 00:00:00-04:00,4.179999828338623,4.28000020980835,4.132999897003174,4.190000057220459,80900,0.0,0.0
2022-03-24 00:00:00-04:00,4.269999980926514,4.329999923706055,4.159999847412109,4.289999961853027,66900,0.0,0.0
2022-03-25 00:00:00-04:00,4.28000020980835,4.375,4.184999942779541,4.329999923706055,38000,0.0,0.0
2022-03-28 00:00:00-04:00,4.260000228881836,4.5,4.260000228881836,4.5,75100,0.0,0.0
2022-03-29 00:00:00-04:00,4.489999771118164,4.599999904632568,4.260000228881836,4.269999980926514,84000,0.0,0.0
2022-03-30 00:00:00-04:00,4.239999771118164,4.301000118255615,4.170000076293945,4.239999771118164,75400,0.0,0.0
2022-03-31 00:00:00-04:00,4.28000020980835,4.28000020980835,4.090000152587891,4.170000076293945,46500,0.0,0.0
2022-04-01 00:00:00-04:00,4.199999809265137,4.199999809265137,3.9000000953674316,3.9000000953674316,110300,0.0,0.0
2022-04-04 00:00:00-04:00,4.039999961853027,4.150000095367432,3.890000104904175,4.110000133514404,55500,0.0,0.0
2022-04-05 00:00:00-04:00,4.070000171661377,4.139999866485596,3.940000057220459,4.010000228881836,35900,0.0,0.0
2022-04-06 00:00:00-04:00,4.0,4.0,3.75,3.819999933242798,132600,0.0,0.0
2022-04-07 00:00:00-04:00,3.7699999809265137,3.8499999046325684,3.6730000972747803,3.799999952316284,121600,0.0,0.0
2022-04-08 00:00:00-04:00,3.819999933242798,3.819999933242798,3.6700000762939453,3.700000047683716,78500,0.0,0.0
2022-04-11 00:00:00-04:00,3.6500000953674316,3.76200008392334,3.609999895095825,3.680000066757202,66500,0.0,0.0
2022-04-12 00:00:00-04:00,3.6500000953674316,3.8499999046325684,3.609999895095825,3.7100000381469727,63400,0.0,0.0
2022-04-13 00:00:00-04:00,3.759999990463257,3.9200000762939453,3.7090001106262207,3.9000000953674316,69000,0.0,0.0
2022-04-14 00:00:00-04:00,4.090000152587891,4.170000076293945,3.950000047683716,4.03000020980835,151200,0.0,0.0
2022-04-18 00:00:00-04:00,4.059999942779541,4.099999904632568,3.8459999561309814,3.9200000762939453,50500,0.0,0.0
2022-04-19 00:00:00-04:00,3.880000114440918,4.199999809265137,3.880000114440918,4.150000095367432,78300,0.0,0.0
2022-04-20 00:00:00-04:00,4.130000114440918,4.25,4.078000068664551,4.170000076293945,37300,0.0,0.0
2022-04-21 00:00:00-04:00,4.230000019073486,4.230000019073486,3.9800000190734863,4.0,46800,0.0,0.0
2022-04-22 00:00:00-04:00,3.9800000190734863,4.070000171661377,3.950000047683716,4.059999942779541,30300,0.0,0.0
2022-04-25 00:00:00-04:00,4.079999923706055,4.175000190734863,4.059999942779541,4.119999885559082,48100,0.0,0.0
2022-04-26 00:00:00-04:00,4.099999904632568,4.099999904632568,3.8350000381469727,3.8499999046325684,54000,0.0,0.0
2022-04-27 00:00:00-04:00,3.799999952316284,3.8499999046325684,3.6600000858306885,3.6700000762939453,94000,0.0,0.0
2022-04-28 00:00:00-04:00,3.690000057220459,3.7200000286102295,3.5899999141693115,3.6600000858306885,55200,0.0,0.0
2022-04-29 00:00:00-04:00,3.6500000953674316,3.8299999237060547,3.5899999141693115,3.75,40400,0.0,0.0
2022-05-02 00:00:00-04:00,3.7100000381469727,3.809999942779541,3.5399999618530273,3.630000114440918,63500,0.0,0.0
2022-05-03 00:00:00-04:00,3.549999952316284,3.809999942779541,3.450000047683716,3.549999952316284,80500,0.0,0.0
2022-05-04 00:00:00-04:00,3.549999952316284,3.6700000762939453,3.509999990463257,3.5899999141693115,29600,0.0,0.0
2022-05-05 00:00:00-04:00,3.5799999237060547,3.619999885559082,3.5,3.5999999046325684,34000,0.0,0.0
2022-05-06 00:00:00-04:00,3.619999885559082,3.6700000762939453,3.5,3.619999885559082,77500,0.0,0.0
2022-05-09 00:00:00-04:00,3.5399999618530273,3.5399999618530273,3.200000047683716,3.2200000286102295,94700,0.0,0.0
2022-05-10 00:00:00-04:00,3.319999933242798,3.369999885559082,3.049999952316284,3.109999895095825,73400,0.0,0.0
2022-05-11 00:00:00-04:00,3.0799999237060547,3.299999952316284,2.8499999046325684,2.8499999046325684,68300,0.0,0.0
2022-05-12 00:00:00-04:00,2.7899999618530273,3.009999990463257,2.7899999618530273,2.859999895095825,79300,0.0,0.0
2022-05-13 00:00:00-04:00,2.9000000953674316,3.009999990463257,2.9000000953674316,2.9800000190734863,130700,0.0,0.0
2022-05-16 00:00:00-04:00,3.2200000286102295,3.556999921798706,2.9100000858306885,2.9100000858306885,92300,0.0,0.0
2022-05-17 00:00:00-04:00,2.9800000190734863,3.180000066757202,2.9000000953674316,3.140000104904175,38900,0.0,0.0
2022-05-18 00:00:00-04:00,3.140000104904175,3.180000066757202,3.0,3.0799999237060547,36800,0.0,0.0
2022-05-19 00:00:00-04:00,3.0799999237060547,3.2200000286102295,3.0,3.2200000286102295,90900,0.0,0.0
2022-05-20 00:00:00-04:00,3.299999952316284,3.299999952316284,3.059999942779541,3.119999885559082,49100,0.0,0.0
2022-05-23 00:00:00-04:00,3.1700000762939453,3.180000066757202,3.009999990463257,3.0899999141693115,40900,0.0,0.0
2022-05-24 00:00:00-04:00,3.0299999713897705,3.049999952316284,2.990000009536743,3.0299999713897705,33000,0.0,0.0
2022-05-25 00:00:00-04:00,3.009999990463257,3.180000066757202,3.009999990463257,3.1700000762939453,33300,0.0,0.0
2022-05-26 00:00:00-04:00,3.1600000858306885,3.200000047683716,3.109999895095825,3.1500000953674316,58200,0.0,0.0
2022-05-27 00:00:00-04:00,3.200000047683716,3.25,3.069999933242798,3.1500000953674316,42200,0.0,0.0
2022-05-31 00:00:00-04:00,3.1500000953674316,3.5399999618530273,3.0799999237060547,3.509999990463257,98300,0.0,0.0
2022-06-01 00:00:00-04:00,3.5999999046325684,3.5999999046325684,3.3499999046325684,3.450000047683716,33900,0.0,0.0
2022-06-02 00:00:00-04:00,3.4000000953674316,3.4549999237060547,3.3489999771118164,3.390000104904175,27100,0.0,0.0
2022-06-03 00:00:00-04:00,3.390000104904175,3.440000057220459,3.2200000286102295,3.3499999046325684,48200,0.0,0.0
2022-06-06 00:00:00-04:00,3.3499999046325684,3.509999990463257,3.257999897003174,3.4700000286102295,33600,0.0,0.0
2022-06-07 00:00:00-04:00,3.4100000858306885,3.509999990463257,3.312000036239624,3.5,119400,0.0,0.0
2022-06-08 00:00:00-04:00,3.2899999618530273,3.6700000762939453,3.2899999618530273,3.490000009536743,47100,0.0,0.0
2022-06-09 00:00:00-04:00,3.359999895095825,3.5899999141693115,3.359999895095825,3.5299999713897705,48000,0.0,0.0
2022-06-10 00:00:00-04:00,3.5,3.559999942779541,3.3399999141693115,3.3499999046325684,50000,0.0,0.0
2022-06-13 00:00:00-04:00,3.069999933242798,3.3529999256134033,2.950000047683716,3.0899999141693115,160600,0.0,0.0
2022-06-14 00:00:00-04:00,3.299999952316284,3.305000066757202,3.1500000953674316,3.180000066757202,27600,0.0,0.0
2022-06-15 00:00:00-04:00,3.1600000858306885,3.365000009536743,3.1600000858306885,3.180000066757202,54100,0.0,0.0
2022-06-16 00:00:00-04:00,3.1500000953674316,3.3399999141693115,3.059999942779541,3.309999942779541,78200,0.0,0.0
2022-06-17 00:00:00-04:00,3.369999885559082,3.369999885559082,3.2290000915527344,3.2799999713897705,38000,0.0,0.0
2022-06-21 00:00:00-04:00,3.240000009536743,3.3399999141693115,3.0899999141693115,3.2300000190734863,26900,0.0,0.0
2022-06-22 00:00:00-04:00,3.2200000286102295,3.3399999141693115,3.1570000648498535,3.2699999809265137,104800,0.0,0.0
2022-06-23 00:00:00-04:00,3.2060000896453857,3.3499999046325684,3.190000057220459,3.299999952316284,35500,0.0,0.0
2022-06-24 00:00:00-04:00,3.2699999809265137,3.4000000953674316,3.2699999809265137,3.2799999713897705,72300,0.0,0.0
2022-06-27 00:00:00-04:00,3.2799999713897705,3.3499999046325684,3.2049999237060547,3.299999952316284,12300,0.0,0.0
2022-06-28 00:00:00-04:00,3.319999933242798,3.319999933242798,3.1500000953674316,3.180000066757202,28600,0.0,0.0
2022-06-29 00:00:00-04:00,3.2200000286102295,3.240000009536743,3.1700000762939453,3.180000066757202,24500,0.0,0.0
2022-06-30 00:00:00-04:00,3.1659998893737793,3.309999942779541,3.1500000953674316,3.2300000190734863,25300,0.0,0.0
2022-07-01 00:00:00-04:00,3.200000047683716,3.3299999237060547,3.1679999828338623,3.190000057220459,39800,0.0,0.0
2022-07-05 00:00:00-04:00,3.190000057220459,3.2100000381469727,3.1500000953674316,3.1600000858306885,16200,0.0,0.0
2022-07-06 00:00:00-04:00,3.1500000953674316,3.2200000286102295,3.140000104904175,3.1500000953674316,31600,0.0,0.0
2022-07-07 00:00:00-04:00,3.1500000953674316,3.309999942779541,3.134999990463257,3.1500000953674316,69500,0.0,0.0
2022-07-08 00:00:00-04:00,3.180000066757202,3.299999952316284,3.1600000858306885,3.25,17700,0.0,0.0
2022-07-11 00:00:00-04:00,3.190000057220459,3.2300000190734863,3.1500000953674316,3.1700000762939453,25100,0.0,0.0
2022-07-12 00:00:00-04:00,3.1419999599456787,3.2100000381469727,3.065000057220459,3.180000066757202,40500,0.0,0.0
2022-07-13 00:00:00-04:00,3.134999990463257,3.2699999809265137,3.0999999046325684,3.1600000858306885,19300,0.0,0.0
2022-07-14 00:00:00-04:00,3.2200000286102295,3.2980000972747803,3.125999927520752,3.190000057220459,9700,0.0,0.0
2022-07-15 00:00:00-04:00,3.190000057220459,3.240000009536743,3.1600000858306885,3.2300000190734863,10700,0.0,0.0
2022-07-18 00:00:00-04:00,3.2200000286102295,3.3399999141693115,3.2200000286102295,3.3399999141693115,16900,0.0,0.0
2022-07-19 00:00:00-04:00,3.4200000762939453,3.4200000762939453,3.240000009536743,3.299999952316284,19300,0.0,0.0
2022-07-20 00:00:00-04:00,3.4000000953674316,3.4000000953674316,3.180000066757202,3.180000066757202,25000,0.0,0.0
2022-07-21 00:00:00-04:00,3.4800000190734863,3.4800000190734863,3.180000066757202,3.190000057220459,29900,0.0,0.0
2022-07-22 00:00:00-04:00,3.2200000286102295,3.240000009536743,3.0999999046325684,3.1700000762939453,33000,0.0,0.0
2022-07-25 00:00:00-04:00,3.0999999046325684,3.1630001068115234,2.9059998989105225,2.930000066757202,83700,0.0,0.0
2022-07-26 00:00:00-04:00,2.940000057220459,3.180000066757202,2.9000000953674316,3.0799999237060547,53500,0.0,0.0
2022-07-27 00:00:00-04:00,3.059999942779541,3.1700000762939453,3.049999952316284,3.1500000953674316,24500,0.0,0.0
2022-07-28 00:00:00-04:00,3.1700000762939453,3.180000066757202,3.0999999046325684,3.1500000953674316,6100,0.0,0.0
2022-07-29 00:00:00-04:00,3.119999885559082,3.180000066757202,3.0999999046325684,3.0999999046325684,9800,0.0,0.0
2022-08-01 00:00:00-04:00,2.9800000190734863,3.0999999046325684,2.9800000190734863,3.009999990463257,23000,0.0,0.0
2022-08-02 00:00:00-04:00,3.0850000381469727,3.130000114440918,3.0199999809265137,3.0999999046325684,19200,0.0,0.0
2022-08-03 00:00:00-04:00,3.1679999828338623,3.1700000762939453,3.059999942779541,3.059999942779541,10100,0.0,0.0
2022-08-04 00:00:00-04:00,3.0999999046325684,3.130000114440918,3.005000114440918,3.005000114440918,21600,0.0,0.0
2022-08-05 00:00:00-04:00,3.049999952316284,3.1500000953674316,3.009999990463257,3.059999942779541,22900,0.0,0.0
2022-08-08 00:00:00-04:00,3.140000104904175,3.200000047683716,3.119999885559082,3.174999952316284,28500,0.0,0.0
2022-08-09 00:00:00-04:00,3.1700000762939453,3.2899999618530273,3.1700000762939453,3.25,41700,0.0,0.0
2022-08-10 00:00:00-04:00,3.25,3.3299999237060547,3.1700000762939453,3.299999952316284,33600,0.0,0.0
2022-08-11 00:00:00-04:00,3.200000047683716,3.5999999046325684,3.174999952316284,3.200000047683716,110800,0.0,0.0
2022-08-12 00:00:00-04:00,3.2100000381469727,3.2790000438690186,3.059999942779541,3.069999933242798,27600,0.0,0.0
2022-08-15 00:00:00-04:00,3.0799999237060547,3.4000000953674316,3.0199999809265137,3.3399999141693115,82000,0.0,0.0
2022-08-16 00:00:00-04:00,3.359999895095825,3.4200000762939453,3.190000057220459,3.2300000190734863,59800,0.0,0.0
2022-08-17 00:00:00-04:00,3.259999990463257,3.3299999237060547,3.180000066757202,3.180000066757202,23300,0.0,0.0
2022-08-18 00:00:00-04:00,3.180000066757202,3.240000009536743,3.059999942779541,3.069999933242798,21300,0.0,0.0
2022-08-19 00:00:00-04:00,3.0999999046325684,3.1600000858306885,3.0450000762939453,3.0999999046325684,35600,0.0,0.0
2022-08-22 00:00:00-04:00,3.119999885559082,3.119999885559082,2.9800000190734863,2.9800000190734863,49300,0.0,0.0
2022-08-23 00:00:00-04:00,2.9800000190734863,3.0799999237060547,2.9800000190734863,3.049999952316284,31800,0.0,0.0
2022-08-24 00:00:00-04:00,3.0399999618530273,3.1600000858306885,2.9800000190734863,3.109999895095825,38300,0.0,0.0
2022-08-25 00:00:00-04:00,3.1500000953674316,3.1500000953674316,2.9800000190734863,2.9800000190734863,54500,0.0,0.0
2022-08-26 00:00:00-04:00,3.009999990463257,3.0460000038146973,2.9200000762939453,2.950000047683716,53500,0.0,0.0
2022-08-29 00:00:00-04:00,2.930000066757202,2.9600000381469727,2.9000000953674316,2.9200000762939453,24300,0.0,0.0
2022-08-30 00:00:00-04:00,2.9000000953674316,3.1600000858306885,2.9000000953674316,3.0799999237060547,217200,0.0,0.0
2022-08-31 00:00:00-04:00,3.200000047683716,3.200000047683716,3.0,3.009999990463257,24800,0.0,0.0
2022-09-01 00:00:00-04:00,3.009999990463257,3.009999990463257,2.9100000858306885,2.9100000858306885,14700,0.0,0.0
2022-09-02 00:00:00-04:00,2.990000009536743,2.990000009536743,2.9000000953674316,2.9100000858306885,28800,0.0,0.0
2022-09-06 00:00:00-04:00,2.990000009536743,2.990000009536743,2.9000000953674316,2.940000057220459,30900,0.0,0.0
2022-09-07 00:00:00-04:00,2.9830000400543213,3.0399999618530273,2.9000000953674316,3.009999990463257,72300,0.0,0.0
2022-09-08 00:00:00-04:00,3.0399999618530273,3.0480000972747803,2.9100000858306885,2.9100000858306885,14000,0.0,0.0
2022-09-09 00:00:00-04:00,2.990000009536743,3.1519999504089355,2.9100000858306885,3.0299999713897705,38900,0.0,0.0
2022-09-12 00:00:00-04:00,3.190000057220459,3.190000057220459,3.0199999809265137,3.0399999618530273,16100,0.0,0.0
2022-09-13 00:00:00-04:00,2.950000047683716,3.0999999046325684,2.9000000953674316,3.009999990463257,24100,0.0,0.0
2022-09-14 00:00:00-04:00,2.930000066757202,3.0799999237060547,2.9200000762939453,2.9200000762939453,23300,0.0,0.0
2022-09-15 00:00:00-04:00,3.0280001163482666,3.0299999713897705,2.9000000953674316,2.950000047683716,24600,0.0,0.0
2022-09-16 00:00:00-04:00,3.0,3.059999942779541,2.8949999809265137,3.059999942779541,62700,0.0,0.0
2022-09-19 00:00:00-04:00,3.0299999713897705,3.069999933242798,2.9000000953674316,3.0299999713897705,18000,0.0,0.0
2022-09-20 00:00:00-04:00,3.009999990463257,3.0799999237060547,2.9000000953674316,2.930000066757202,23900,0.0,0.0
2022-09-21 00:00:00-04:00,2.9100000858306885,3.0,2.8499999046325684,2.9600000381469727,51500,0.0,0.0
2022-09-22 00:00:00-04:00,2.9200000762939453,2.9600000381469727,2.9000000953674316,2.9100000858306885,50700,0.0,0.0
2022-09-23 00:00:00-04:00,2.9000000953674316,2.9800000190734863,2.9000000953674316,2.9100000858306885,42600,0.0,0.0
2022-09-26 00:00:00-04:00,2.9000000953674316,3.0,2.9000000953674316,2.940000057220459,98600,0.0,0.0
2022-09-27 00:00:00-04:00,2.9739999771118164,2.9800000190734863,2.9000000953674316,2.9600000381469727,16700,0.0,0.0
2022-09-28 00:00:00-04:00,2.930000066757202,2.950000047683716,2.9000000953674316,2.9100000858306885,17400,0.0,0.0
2022-09-29 00:00:00-04:00,2.9000000953674316,2.937000036239624,2.819999933242798,2.859999895095825,85500,0.0,0.0
2022-09-30 00:00:00-04:00,2.8499999046325684,2.950000047683716,2.509999990463257,2.5999999046325684,34800,0.0,0.0
2022-10-03 00:00:00-04:00,2.509999990463257,2.5999999046325684,2.450000047683716,2.4800000190734863,77700,0.0,0.0
2022-10-04 00:00:00-04:00,2.4800000190734863,2.627000093460083,2.4100000858306885,2.440000057220459,35100,0.0,0.0
2022-10-05 00:00:00-04:00,2.380000114440918,2.490000009536743,2.240000009536743,2.369999885559082,30100,0.0,0.0
2022-10-06 00:00:00-04:00,2.446000099182129,2.446000099182129,2.3550000190734863,2.369999885559082,18600,0.0,0.0
2022-10-07 00:00:00-04:00,2.299999952316284,2.3529999256134033,2.1500000953674316,2.200000047683716,32200,0.0,0.0
2022-10-10 00:00:00-04:00,2.240000009536743,2.3299999237060547,2.1540000438690186,2.259999990463257,32400,0.0,0.0
2022-10-11 00:00:00-04:00,2.2100000381469727,2.2699999809265137,2.055000066757202,2.0899999141693115,45800,0.0,0.0
2022-10-12 00:00:00-04:00,2.0399999618530273,2.0999999046325684,1.7599999904632568,1.899999976158142,40700,0.0,0.0
2022-10-13 00:00:00-04:00,1.909999966621399,2.4000000953674316,1.8600000143051147,2.200000047683716,62100,0.0,0.0
2022-10-14 00:00:00-04:00,2.140000104904175,2.1549999713897705,1.9500000476837158,1.9800000190734863,23600,0.0,0.0
2022-10-17 00:00:00-04:00,2.0399999618530273,2.049999952316284,1.9500000476837158,2.0299999713897705,34300,0.0,0.0
2022-10-18 00:00:00-04:00,2.0899999141693115,2.1050000190734863,2.0299999713897705,2.059999942779541,71800,0.0,0.0
2022-10-19 00:00:00-04:00,2.009999990463257,2.119999885559082,1.9500000476837158,2.009999990463257,61800,0.0,0.0
2022-10-20 00:00:00-04:00,2.0399999618530273,2.0899999141693115,1.909999966621399,1.9700000286102295,52600,0.0,0.0
2022-10-21 00:00:00-04:00,1.940000057220459,2.009999990463257,1.899999976158142,1.9500000476837158,35400,0.0,0.0
2022-10-24 00:00:00-04:00,1.9800000190734863,1.9859999418258667,1.75,1.7899999618530273,81600,0.0,0.0
2022-10-25 00:00:00-04:00,1.7599999904632568,1.8899999856948853,1.7599999904632568,1.8600000143051147,28100,0.0,0.0
2022-10-26 00:00:00-04:00,1.8799999952316284,1.940000057220459,1.8600000143051147,1.8700000047683716,18000,0.0,0.0
2022-10-27 00:00:00-04:00,1.8799999952316284,1.9329999685287476,1.8799999952316284,1.899999976158142,12500,0.0,0.0
2022-10-28 00:00:00-04:00,1.899999976158142,1.940000057220459,1.8600000143051147,1.909999966621399,28300,0.0,0.0
2022-10-31 00:00:00-04:00,1.940000057220459,1.9910000562667847,1.9199999570846558,1.9199999570846558,17400,0.0,0.0
2022-11-01 00:00:00-04:00,1.9500000476837158,1.9600000381469727,1.850000023841858,1.8600000143051147,20000,0.0,0.0
2022-11-02 00:00:00-04:00,1.850000023841858,1.940000057220459,1.7899999618530273,1.8020000457763672,15800,0.0,0.0
2022-11-03 00:00:00-04:00,1.8300000429153442,1.9500000476837158,1.7799999713897705,1.940000057220459,34300,0.0,0.0
2022-11-04 00:00:00-04:00,1.9299999475479126,1.9299999475479126,1.7699999809265137,1.7699999809265137,19200,0.0,0.0
2022-11-07 00:00:00-05:00,1.840000033378601,1.840000033378601,1.7000000476837158,1.7599999904632568,32600,0.0,0.0
2022-11-08 00:00:00-05:00,1.8600000143051147,1.8899999856948853,1.7200000286102295,1.840000033378601,22000,0.0,0.0
2022-11-09 00:00:00-05:00,1.7599999904632568,1.7799999713897705,1.659999966621399,1.7100000381469727,31800,0.0,0.0
2022-11-10 00:00:00-05:00,1.7799999713897705,1.909999966621399,1.7400000095367432,1.850000023841858,29400,0.0,0.0
2022-11-11 00:00:00-05:00,1.8799999952316284,1.9900000095367432,1.7999999523162842,1.9900000095367432,37200,0.0,0.0
2022-11-14 00:00:00-05:00,1.940000057220459,2.3499999046325684,1.9010000228881836,2.140000104904175,100900,0.0,0.0
2022-11-15 00:00:00-05:00,2.200000047683716,2.3299999237060547,2.13100004196167,2.2699999809265137,63300,0.0,0.0
2022-11-16 00:00:00-05:00,2.25,2.309999942779541,2.009999990463257,2.0299999713897705,41700,0.0,0.0
2022-11-17 00:00:00-05:00,2.0,2.0,1.8200000524520874,1.9600000381469727,64300,0.0,0.0
2022-11-18 00:00:00-05:00,1.9199999570846558,1.9800000190734863,1.7799999713897705,1.8600000143051147,26900,0.0,0.0
2022-11-21 00:00:00-05:00,1.8300000429153442,1.8839999437332153,1.7000000476837158,1.7100000381469727,61300,0.0,0.0
2022-11-22 00:00:00-05:00,1.7899999618530273,1.7899999618530273,1.649999976158142,1.6699999570846558,45600,0.0,0.0
2022-11-23 00:00:00-05:00,1.6699999570846558,1.7100000381469727,1.600000023841858,1.7100000381469727,28400,0.0,0.0
2022-11-25 00:00:00-05:00,1.649999976158142,1.7300000190734863,1.6100000143051147,1.6200000047683716,22100,0.0,0.0
2022-11-28 00:00:00-05:00,1.6200000047683716,1.7300000190734863,1.6200000047683716,1.7000000476837158,35400,0.0,0.0
2022-11-29 00:00:00-05:00,1.690000057220459,1.690000057220459,1.4900000095367432,1.4900000095367432,128400,0.0,0.0
2022-11-30 00:00:00-05:00,1.5700000524520874,1.5789999961853027,1.399999976158142,1.399999976158142,115000,0.0,0.0
2022-12-01 00:00:00-05:00,1.4600000381469727,1.649999976158142,1.440000057220459,1.5700000524520874,87500,0.0,0.0
2022-12-02 00:00:00-05:00,1.5199999809265137,1.5800000429153442,1.4500000476837158,1.559999942779541,66400,0.0,0.0
2022-12-05 00:00:00-05:00,1.5199999809265137,1.5399999618530273,1.399999976158142,1.399999976158142,51100,0.0,0.0
2022-12-06 00:00:00-05:00,1.4600000381469727,1.7599999904632568,1.4199999570846558,1.6950000524520874,186400,0.0,0.0
2022-12-07 00:00:00-05:00,1.6699999570846558,2.0,1.659999966621399,1.9600000381469727,198100,0.0,0.0
2022-12-08 00:00:00-05:00,2.0399999618530273,2.1600000858306885,1.9500000476837158,1.9900000095367432,114800,0.0,0.0
2022-12-09 00:00:00-05:00,1.9900000095367432,1.9900000095367432,1.809999942779541,1.9500000476837158,68100,0.0,0.0
2022-12-12 00:00:00-05:00,1.909999966621399,1.909999966621399,1.7599999904632568,1.8700000047683716,109100,0.0,0.0
2022-12-13 00:00:00-05:00,1.840000033378601,1.909999966621399,1.7000000476837158,1.8300000429153442,45500,0.0,0.0
2022-12-14 00:00:00-05:00,1.7899999618530273,1.8200000524520874,1.7100000381469727,1.7300000190734863,34600,0.0,0.0
2022-12-15 00:00:00-05:00,1.7899999618530273,1.7899999618530273,1.6749999523162842,1.7200000286102295,34400,0.0,0.0
2022-12-16 00:00:00-05:00,1.6799999475479126,1.7050000429153442,1.5700000524520874,1.600000023841858,61100,0.0,0.0
2022-12-19 00:00:00-05:00,1.6100000143051147,1.6299999952316284,1.409999966621399,1.4199999570846558,61500,0.0,0.0
2022-12-20 00:00:00-05:00,1.4500000476837158,1.4600000381469727,1.399999976158142,1.4500000476837158,81600,0.0,0.0
2022-12-21 00:00:00-05:00,1.4600000381469727,1.4889999628067017,1.409999966621399,1.440000057220459,45400,0.0,0.0
2022-12-22 00:00:00-05:00,1.4600000381469727,1.5,1.309999942779541,1.350000023841858,74300,0.0,0.0
2022-12-23 00:00:00-05:00,1.3600000143051147,1.3799999952316284,1.2000000476837158,1.3200000524520874,97000,0.0,0.0
2022-12-27 00:00:00-05:00,1.3200000524520874,1.371999979019165,1.3200000524520874,1.3250000476837158,39400,0.0,0.0
2022-12-28 00:00:00-05:00,1.2999999523162842,1.340000033378601,1.2999999523162842,1.340000033378601,35400,0.0,0.0
2022-12-29 00:00:00-05:00,1.3200000524520874,1.340000033378601,1.25,1.2599999904632568,112600,0.0,0.0
2022-12-30 00:00:00-05:00,1.25,1.315999984741211,1.25,1.2599999904632568,75900,0.0,0.0
2023-01-03 00:00:00-05:00,1.2899999618530273,1.409999966621399,1.25600004196167,1.2999999523162842,42900,0.0,0.0
2023-01-04 00:00:00-05:00,1.2799999713897705,1.399999976158142,1.2799999713897705,1.3799999952316284,31400,0.0,0.0
2023-01-05 00:00:00-05:00,1.399999976158142,1.409999966621399,1.340000033378601,1.409999966621399,18500,0.0,0.0
2023-01-06 00:00:00-05:00,1.409999966621399,1.409999966621399,1.3600000143051147,1.3899999856948853,31800,0.0,0.0
2023-01-09 00:00:00-05:00,1.3600000143051147,1.496000051498413,1.3600000143051147,1.4199999570846558,51800,0.0,0.0
2023-01-10 00:00:00-05:00,1.4199999570846558,1.4500000476837158,1.409999966621399,1.4500000476837158,26900,0.0,0.0
2023-01-11 00:00:00-05:00,1.4500000476837158,1.4900000095367432,1.4299999475479126,1.4600000381469727,33800,0.0,0.0
2023-01-12 00:00:00-05:00,1.5,1.7200000286102295,1.4550000429153442,1.6200000047683716,96200,0.0,0.0
2023-01-13 00:00:00-05:00,1.6799999475479126,1.7799999713897705,1.5299999713897705,1.75,88900,0.0,0.0
2023-01-17 00:00:00-05:00,1.8200000524520874,1.8200000524520874,1.6699999570846558,1.715000033378601,45200,0.0,0.0
2023-01-18 00:00:00-05:00,1.75,1.7549999952316284,1.6740000247955322,1.7200000286102295,25800,0.0,0.0
2023-01-19 00:00:00-05:00,1.7400000095367432,1.7899999618530273,1.6109999418258667,1.7899999618530273,27700,0.0,0.0
2023-01-20 00:00:00-05:00,1.7699999809265137,1.7699999809265137,1.6799999475479126,1.7300000190734863,26000,0.0,0.0
2023-01-23 00:00:00-05:00,1.7000000476837158,1.7799999713897705,1.6399999856948853,1.7599999904632568,50700,0.0,0.0
2023-01-24 00:00:00-05:00,1.7899999618530273,1.7899999618530273,1.649999976158142,1.6799999475479126,29000,0.0,0.0
2023-01-25 00:00:00-05:00,1.690000057220459,1.6959999799728394,1.649999976158142,1.659999966621399,20600,0.0,0.0
2023-01-26 00:00:00-05:00,1.7000000476837158,1.7339999675750732,1.6100000143051147,1.6200000047683716,15400,0.0,0.0
2023-01-27 00:00:00-05:00,1.7100000381469727,1.7100000381469727,1.6100000143051147,1.7000000476837158,34200,0.0,0.0
2023-01-30 00:00:00-05:00,1.6799999475479126,1.7300000190734863,1.649999976158142,1.6699999570846558,28500,0.0,0.0
2023-01-31 00:00:00-05:00,1.7200000286102295,1.7899999618530273,1.7000000476837158,1.7899999618530273,55900,0.0,0.0
2023-02-01 00:00:00-05:00,1.75,1.8200000524520874,1.7100000381469727,1.7699999809265137,32500,0.0,0.0
2023-02-02 00:00:00-05:00,1.7799999713897705,1.850000023841858,1.7799999713897705,1.7999999523162842,70400,0.0,0.0
2023-02-03 00:00:00-05:00,1.7999999523162842,1.8200000524520874,1.7000000476837158,1.7200000286102295,29000,0.0,0.0
2023-02-06 00:00:00-05:00,1.690000057220459,1.7400000095367432,1.649999976158142,1.7400000095367432,39500,0.0,0.0
2023-02-07 00:00:00-05:00,1.7400000095367432,1.7899999618530273,1.600000023841858,1.6399999856948853,59100,0.0,0.0
2023-02-08 00:00:00-05:00,1.6200000047683716,1.7000000476837158,1.6200000047683716,1.6399999856948853,45900,0.0,0.0
2023-02-09 00:00:00-05:00,1.6399999856948853,1.659999966621399,1.5499999523162842,1.6399999856948853,20400,0.0,0.0
2023-02-10 00:00:00-05:00,1.6100000143051147,1.690000057220459,1.590000033378601,1.600000023841858,35600,0.0,0.0
2023-02-13 00:00:00-05:00,1.649999976158142,1.6799999475479126,1.590000033378601,1.590000033378601,23800,0.0,0.0
2023-02-14 00:00:00-05:00,1.6100000143051147,1.7200000286102295,1.600000023841858,1.7200000286102295,29200,0.0,0.0
2023-02-15 00:00:00-05:00,1.7000000476837158,1.7200000286102295,1.6399999856948853,1.6799999475479126,31000,0.0,0.0
2023-02-16 00:00:00-05:00,1.649999976158142,1.7000000476837158,1.649999976158142,1.659999966621399,15900,0.0,0.0
2023-02-17 00:00:00-05:00,1.6699999570846558,1.7970000505447388,1.6699999570846558,1.6950000524520874,40200,0.0,0.0
2023-02-21 00:00:00-05:00,1.7000000476837158,1.7100000381469727,1.649999976158142,1.6799999475479126,22100,0.0,0.0
2023-02-22 00:00:00-05:00,1.659999966621399,1.6799999475479126,1.600000023841858,1.600000023841858,58400,0.0,0.0
2023-02-23 00:00:00-05:00,1.600000023841858,1.7000000476837158,1.5700000524520874,1.6100000143051147,36200,0.0,0.0
2023-02-24 00:00:00-05:00,1.6200000047683716,1.6540000438690186,1.5700000524520874,1.6399999856948853,37100,0.0,0.0
2023-02-27 00:00:00-05:00,1.7000000476837158,1.715999960899353,1.5800000429153442,1.5800000429153442,61400,0.0,0.0
2023-02-28 00:00:00-05:00,1.5800000429153442,1.6399999856948853,1.5800000429153442,1.6399999856948853,16100,0.0,0.0
2023-03-01 00:00:00-05:00,1.7200000286102295,1.7200000286102295,1.5399999618530273,1.559999942779541,61600,0.0,0.0
2023-03-02 00:00:00-05:00,1.5700000524520874,1.6100000143051147,1.4900000095367432,1.5299999713897705,72500,0.0,0.0
2023-03-03 00:00:00-05:00,1.5199999809265137,1.559999942779541,1.4800000190734863,1.5099999904632568,51800,0.0,0.0
2023-03-06 00:00:00-05:00,1.5199999809265137,1.5499999523162842,1.409999966621399,1.4299999475479126,49400,0.0,0.0
2023-03-07 00:00:00-05:00,1.4199999570846558,1.4700000286102295,1.399999976158142,1.440000057220459,22700,0.0,0.0
2023-03-08 00:00:00-05:00,1.4299999475479126,1.4800000190734863,1.4199999570846558,1.4700000286102295,24500,0.0,0.0
2023-03-09 00:00:00-05:00,1.4800000190734863,1.5,1.340000033378601,1.350000023841858,43900,0.0,0.0
2023-03-10 00:00:00-05:00,1.340000033378601,1.3799999952316284,1.2799999713897705,1.309999942779541,36000,0.0,0.0
2023-03-13 00:00:00-04:00,1.2999999523162842,1.3200000524520874,1.25,1.25,59000,0.0,0.0
2023-03-14 00:00:00-04:00,1.25,1.3600000143051147,1.25,1.3300000429153442,40600,0.0,0.0
2023-03-15 00:00:00-04:00,1.3799999952316284,1.3799999952316284,1.25,1.2799999713897705,53100,0.0,0.0
2023-03-16 00:00:00-04:00,1.2699999809265137,1.309999942779541,1.25,1.309999942779541,27200,0.0,0.0
2023-03-17 00:00:00-04:00,1.2599999904632568,1.2899999618530273,1.2300000190734863,1.2899999618530273,47100,0.0,0.0
2023-03-20 00:00:00-04:00,1.2699999809265137,1.2699999809265137,1.2000000476837158,1.2000000476837158,76700,0.0,0.0
2023-03-21 00:00:00-04:00,1.2000000476837158,1.2699999809265137,1.2000000476837158,1.2300000190734863,51200,0.0,0.0
2023-03-22 00:00:00-04:00,1.0700000524520874,1.2300000190734863,1.0700000524520874,1.2300000190734863,49400,0.0,0.0
2023-03-23 00:00:00-04:00,1.2200000286102295,1.25,1.2000000476837158,1.2100000381469727,40400,0.0,0.0
2023-03-24 00:00:00-04:00,1.190000057220459,1.2000000476837158,1.0499999523162842,1.090000033378601,98900,0.0,0.0
2023-03-27 00:00:00-04:00,1.1299999952316284,1.1299999952316284,1.0700000524520874,1.1089999675750732,35500,0.0,0.0
2023-03-28 00:00:00-04:00,1.100000023841858,1.1799999475479126,1.0520000457763672,1.1100000143051147,54800,0.0,0.0
2023-03-29 00:00:00-04:00,1.1100000143051147,1.25,1.100000023841858,1.2000000476837158,55800,0.0,0.0
2023-03-30 00:00:00-04:00,1.2200000286102295,1.2200000286102295,1.090000033378601,1.1299999952316284,50200,0.0,0.0
2023-03-31 00:00:00-04:00,1.149999976158142,1.1990000009536743,1.1399999856948853,1.1799999475479126,21200,0.0,0.0
2023-04-03 00:00:00-04:00,1.1799999475479126,1.3279999494552612,1.149999976158142,1.2999999523162842,50000,0.0,0.0
2023-04-04 00:00:00-04:00,1.3300000429153442,1.3300000429153442,1.1699999570846558,1.2899999618530273,31700,0.0,0.0
2023-04-05 00:00:00-04:00,1.25,1.2649999856948853,1.1699999570846558,1.2000000476837158,19800,0.0,0.0
2023-04-06 00:00:00-04:00,1.2599999904632568,1.2599999904632568,1.1399999856948853,1.1699999570846558,19800,0.0,0.0
2023-04-10 00:00:00-04:00,1.1100000143051147,1.2100000381469727,1.1009999513626099,1.2100000381469727,22300,0.0,0.0
2023-04-11 00:00:00-04:00,1.2000000476837158,1.2999999523162842,1.2000000476837158,1.2400000095367432,47400,0.0,0.0
2023-04-12 00:00:00-04:00,1.2899999618530273,1.2899999618530273,1.1699999570846558,1.2899999618530273,35200,0.0,0.0
2023-04-13 00:00:00-04:00,1.2400000095367432,1.2799999713897705,1.1799999475479126,1.2300000190734863,27400,0.0,0.0
2023-04-14 00:00:00-04:00,1.25,1.2899999618530273,1.1699999570846558,1.2000000476837158,32400,0.0,0.0
2023-04-17 00:00:00-04:00,1.1799999475479126,1.2400000095367432,1.1200000047683716,1.2200000286102295,66600,0.0,0.0
2023-04-18 00:00:00-04:00,1.2000000476837158,1.2000000476837158,1.1399999856948853,1.1799999475479126,26000,0.0,0.0
2023-04-19 00:00:00-04:00,1.1799999475479126,1.1799999475479126,1.1200000047683716,1.1699999570846558,44000,0.0,0.0
2023-04-20 00:00:00-04:00,1.1200000047683716,1.1399999856948853,1.100000023841858,1.1100000143051147,36800,0.0,0.0
2023-04-21 00:00:00-04:00,1.1200000047683716,1.1299999952316284,1.090000033378601,1.1030000448226929,29800,0.0,0.0
2023-04-24 00:00:00-04:00,1.090000033378601,1.1100000143051147,1.0099999904632568,1.0199999809265137,62400,0.0,0.0
2023-04-25 00:00:00-04:00,1.0199999809265137,1.0499999523162842,1.0,1.0399999618530273,59400,0.0,0.0
2023-04-26 00:00:00-04:00,1.0570000410079956,1.0700000524520874,1.0099999904632568,1.0299999713897705,20100,0.0,0.0
2023-04-27 00:00:00-04:00,1.0499999523162842,1.0499999523162842,0.9900000095367432,1.0,102400,0.0,0.0
2023-04-28 00:00:00-04:00,0.996999979019165,1.065000057220459,0.9800000190734863,1.0,54700,0.0,0.0
2023-05-01 00:00:00-04:00,1.059999942779541,1.0800000429153442,0.9800000190734863,0.9900000095367432,108500,0.0,0.0
2023-05-02 00:00:00-04:00,1.0,1.0080000162124634,0.9549999833106995,0.9750000238418579,18000,0.0,0.0
2023-05-03 00:00:00-04:00,0.9900000095367432,1.0,0.9649999737739563,0.9879999756813049,19100,0.0,0.0
2023-05-04 00:00:00-04:00,0.9599999785423279,0.9900000095367432,0.949999988079071,0.9890000224113464,22200,0.0,0.0
2023-05-05 00:00:00-04:00,0.9789999723434448,1.0,0.9599999785423279,0.9800000190734863,27100,0.0,0.0
2023-05-08 00:00:00-04:00,0.9900000095367432,1.0399999618530273,0.9700000286102295,0.9750000238418579,19600,0.0,0.0
2023-05-09 00:00:00-04:00,1.0,1.0499999523162842,0.9649999737739563,1.0099999904632568,15200,0.0,0.0
2023-05-10 00:00:00-04:00,1.0049999952316284,1.0299999713897705,0.9900000095367432,1.0199999809265137,15400,0.0,0.0
2023-05-11 00:00:00-04:00,1.100000023841858,1.1410000324249268,1.0199999809265137,1.100000023841858,55900,0.0,0.0
2023-05-12 00:00:00-04:00,1.309999942779541,1.6100000143051147,1.1299999952316284,1.4299999475479126,690400,0.0,0.0
2023-05-15 00:00:00-04:00,1.409999966621399,1.4700000286102295,1.2029999494552612,1.2599999904632568,252400,0.0,0.0
2023-05-16 00:00:00-04:00,1.2200000286102295,1.25,1.0870000123977661,1.190000057220459,94700,0.0,0.0
2023-05-17 00:00:00-04:00,1.0199999809265137,1.3200000524520874,1.0199999809265137,1.2899999618530273,120100,0.0,0.0
2023-05-18 00:00:00-04:00,1.440000057220459,1.440000057220459,1.309999942779541,1.4299999475479126,124600,0.0,0.0
2023-05-19 00:00:00-04:00,1.440000057220459,1.4800000190734863,1.3370000123977661,1.3899999856948853,61100,0.0,0.0
2023-05-22 00:00:00-04:00,1.3600000143051147,1.4299999475479126,1.25,1.3799999952316284,49500,0.0,0.0
2023-05-23 00:00:00-04:00,1.3300000429153442,1.3890000581741333,1.2699999809265137,1.2699999809265137,54900,0.0,0.0
2023-05-24 00:00:00-04:00,1.25,1.4199999570846558,1.25,1.340999960899353,34900,0.0,0.0
2023-05-25 00:00:00-04:00,1.4500000476837158,1.4900000095367432,1.25,1.2599999904632568,84200,0.0,0.0
2023-05-26 00:00:00-04:00,1.2899999618530273,1.350000023841858,1.1299999952316284,1.2200000286102295,57000,0.0,0.0
2023-05-30 00:00:00-04:00,1.2899999618530273,1.3700000047683716,1.2200000286102295,1.3600000143051147,87300,0.0,0.0
2023-05-31 00:00:00-04:00,1.309999942779541,1.3600000143051147,1.2699999809265137,1.2699999809265137,60500,0.0,0.0
2023-06-01 00:00:00-04:00,1.2899999618530273,1.309999942779541,1.2330000400543213,1.309999942779541,44300,0.0,0.0
2023-06-02 00:00:00-04:00,1.309999942779541,1.3660000562667847,1.2999999523162842,1.3300000429153442,27500,0.0,0.0
2023-06-05 00:00:00-04:00,1.3200000524520874,1.409999966621399,1.309999942779541,1.3830000162124634,84500,0.0,0.0
2023-06-06 00:00:00-04:00,1.4500000476837158,1.5199999809265137,1.3799999952316284,1.5199999809265137,111600,0.0,0.0
2023-06-07 00:00:00-04:00,1.5199999809265137,1.6699999570846558,1.4600000381469727,1.6299999952316284,144400,0.0,0.0
2023-06-08 00:00:00-04:00,1.7000000476837158,1.7000000476837158,1.5299999713897705,1.5700000524520874,68000,0.0,0.0
2023-06-09 00:00:00-04:00,1.5399999618530273,1.649999976158142,1.5099999904632568,1.590000033378601,50700,0.0,0.0
2023-06-12 00:00:00-04:00,1.6100000143051147,1.7400000095367432,1.6100000143051147,1.7100000381469727,113000,0.0,0.0
2023-06-13 00:00:00-04:00,1.7100000381469727,1.8899999856948853,1.6920000314712524,1.75,134400,0.0,0.0
2023-06-14 00:00:00-04:00,2.0,2.0,1.6200000047683716,1.6799999475479126,271500,0.0,0.0
2023-06-15 00:00:00-04:00,1.649999976158142,1.9900000095367432,1.6299999952316284,1.9500000476837158,172200,0.0,0.0
2023-06-16 00:00:00-04:00,2.0,2.059999942779541,1.809999942779541,1.809999942779541,135700,0.0,0.0
2023-06-20 00:00:00-04:00,1.899999976158142,1.9900000095367432,1.819000005722046,1.9800000190734863,85100,0.0,0.0
2023-06-21 00:00:00-04:00,1.9900000095367432,1.9900000095367432,1.7699999809265137,1.8700000047683716,52200,0.0,0.0
2023-06-22 00:00:00-04:00,1.8300000429153442,1.8300000429153442,1.6759999990463257,1.7200000286102295,59600,0.0,0.0
2023-06-23 00:00:00-04:00,1.7300000190734863,1.7999999523162842,1.5800000429153442,1.5800000429153442,151000,0.0,0.0
2023-06-26 00:00:00-04:00,1.6100000143051147,1.6699999570846558,1.590000033378601,1.6399999856948853,42900,0.0,0.0
2023-06-27 00:00:00-04:00,1.659999966621399,1.659999966621399,1.4500000476837158,1.5700000524520874,97600,0.0,0.0
2023-06-28 00:00:00-04:00,1.5700000524520874,1.600000023841858,1.4700000286102295,1.4900000095367432,41900,0.0,0.0
2023-06-29 00:00:00-04:00,1.4900000095367432,1.5700000524520874,1.4889999628067017,1.5299999713897705,20300,0.0,0.0
2023-06-30 00:00:00-04:00,1.5700000524520874,1.6169999837875366,1.5399999618530273,1.5700000524520874,30100,0.0,0.0
2023-07-03 00:00:00-04:00,1.5199999809265137,1.684999942779541,1.5199999809265137,1.6299999952316284,46300,0.0,0.0
2023-07-05 00:00:00-04:00,1.659999966621399,1.6699999570846558,1.600000023841858,1.6399999856948853,35100,0.0,0.0
2023-07-06 00:00:00-04:00,1.6100000143051147,1.649999976158142,1.5199999809265137,1.5800000429153442,23600,0.0,0.0
2023-07-07 00:00:00-04:00,1.5800000429153442,1.6399999856948853,1.5499999523162842,1.5800000429153442,22500,0.0,0.0
2023-07-10 00:00:00-04:00,1.600000023841858,1.6699999570846558,1.5499999523162842,1.5700000524520874,70900,0.0,0.0
2023-07-11 00:00:00-04:00,1.559999942779541,1.7400000095367432,1.5499999523162842,1.690000057220459,53600,0.0,0.0
2023-07-12 00:00:00-04:00,1.7599999904632568,1.909999966621399,1.5800000429153442,1.8700000047683716,89500,0.0,0.0
2023-07-13 00:00:00-04:00,1.8799999952316284,1.9500000476837158,1.850000023841858,1.8600000143051147,70700,0.0,0.0
2023-07-14 00:00:00-04:00,1.9299999475479126,1.9299999475479126,1.649999976158142,1.7100000381469727,94400,0.0,0.0
2023-07-17 00:00:00-04:00,1.7100000381469727,1.8899999856948853,1.6699999570846558,1.840000033378601,49400,0.0,0.0
2023-07-18 00:00:00-04:00,1.9199999570846558,1.9299999475479126,1.809999942779541,1.8899999856948853,72400,0.0,0.0
2023-07-19 00:00:00-04:00,1.8799999952316284,1.9700000286102295,1.8259999752044678,1.9299999475479126,39900,0.0,0.0
2023-07-20 00:00:00-04:00,1.899999976158142,1.9320000410079956,1.8300000429153442,1.8899999856948853,20900,0.0,0.0
2023-07-21 00:00:00-04:00,1.9700000286102295,1.9700000286102295,1.850000023841858,1.850000023841858,29900,0.0,0.0
2023-07-24 00:00:00-04:00,1.850000023841858,1.9199999570846558,1.7999999523162842,1.8700000047683716,27000,0.0,0.0
2023-07-25 00:00:00-04:00,1.8600000143051147,1.8899999856948853,1.7799999713897705,1.7799999713897705,42500,0.0,0.0
2023-07-26 00:00:00-04:00,1.8300000429153442,1.8799999952316284,1.7899999618530273,1.8300000429153442,5900,0.0,0.0
2023-07-27 00:00:00-04:00,1.8300000429153442,1.8799999952316284,1.7699999809265137,1.7999999523162842,26500,0.0,0.0
2023-07-28 00:00:00-04:00,1.8600000143051147,1.8799999952316284,1.809999942779541,1.8700000047683716,26400,0.0,0.0
2023-07-31 00:00:00-04:00,1.9500000476837158,1.9500000476837158,1.871000051498413,1.8799999952316284,46800,0.0,0.0
2023-08-01 00:00:00-04:00,1.8899999856948853,1.940000057220459,1.809999942779541,1.9199999570846558,28300,0.0,0.0
2023-08-02 00:00:00-04:00,1.9299999475479126,1.9299999475479126,1.7999999523162842,1.8600000143051147,33900,0.0,0.0
2023-08-03 00:00:00-04:00,1.8700000047683716,1.8700000047683716,1.7400000095367432,1.7599999904632568,16900,0.0,0.0
2023-08-04 00:00:00-04:00,1.75,1.7569999694824219,1.659999966621399,1.6799999475479126,27200,0.0,0.0
2023-08-07 00:00:00-04:00,1.7200000286102295,1.809999942779541,1.684999942779541,1.7000000476837158,40200,0.0,0.0
2023-08-08 00:00:00-04:00,1.7000000476837158,1.7300000190734863,1.6699999570846558,1.7100000381469727,22000,0.0,0.0
2023-08-09 00:00:00-04:00,1.7400000095367432,1.7400000095367432,1.649999976158142,1.690000057220459,21000,0.0,0.0
2023-08-10 00:00:00-04:00,1.7000000476837158,1.7400000095367432,1.6740000247955322,1.7400000095367432,25800,0.0,0.0
2023-08-11 00:00:00-04:00,1.7599999904632568,1.8700000047683716,1.7100000381469727,1.8200000524520874,38600,0.0,0.0
2023-08-14 00:00:00-04:00,1.8200000524520874,1.840000033378601,1.7100000381469727,1.7899999618530273,16800,0.0,0.0
2023-08-15 00:00:00-04:00,1.7799999713897705,1.7799999713897705,1.680999994277954,1.7400000095367432,24300,0.0,0.0
2023-08-16 00:00:00-04:00,1.6100000143051147,1.7599999904632568,1.5,1.5099999904632568,73400,0.0,0.0
2023-08-17 00:00:00-04:00,1.4900000095367432,1.600000023841858,1.4900000095367432,1.5,27900,0.0,0.0
2023-08-18 00:00:00-04:00,1.4900000095367432,1.4900000095367432,1.3600000143051147,1.4299999475479126,55600,0.0,0.0
2023-08-21 00:00:00-04:00,1.4900000095367432,1.4900000095367432,1.4199999570846558,1.4700000286102295,13900,0.0,0.0
2023-08-22 00:00:00-04:00,1.5,1.5640000104904175,1.399999976158142,1.409999966621399,19500,0.0,0.0
2023-08-23 00:00:00-04:00,1.399999976158142,1.440000057220459,1.3910000324249268,1.4199999570846558,5600,0.0,0.0
2023-08-24 00:00:00-04:00,1.4199999570846558,1.4199999570846558,1.3700000047683716,1.399999976158142,34400,0.0,0.0
2023-08-25 00:00:00-04:00,1.409999966621399,1.4199999570846558,1.3799999952316284,1.4199999570846558,26800,0.0,0.0
2023-08-28 00:00:00-04:00,1.409999966621399,1.5,1.371000051498413,1.4700000286102295,20300,0.0,0.0
2023-08-29 00:00:00-04:00,1.5,1.5149999856948853,1.4500000476837158,1.4600000381469727,76700,0.0,0.0
2023-08-30 00:00:00-04:00,1.4500000476837158,1.559999942779541,1.4500000476837158,1.5299999713897705,46700,0.0,0.0
2023-08-31 00:00:00-04:00,1.5199999809265137,1.559999942779541,1.4509999752044678,1.5099999904632568,32800,0.0,0.0
2023-09-01 00:00:00-04:00,1.5499999523162842,1.6100000143051147,1.4900000095367432,1.5299999713897705,51100,0.0,0.0
2023-09-05 00:00:00-04:00,1.5099999904632568,1.531999945640564,1.4700000286102295,1.4800000190734863,14100,0.0,0.0
2023-09-06 00:00:00-04:00,1.5,1.5399999618530273,1.3700000047683716,1.3700000047683716,20200,0.0,0.0
2023-09-07 00:00:00-04:00,1.4550000429153442,1.5640000104904175,1.2899999618530273,1.3700000047683716,48700,0.0,0.0
2023-09-08 00:00:00-04:00,1.3250000476837158,1.3799999952316284,1.2999999523162842,1.350000023841858,34600,0.0,0.0
2023-09-11 00:00:00-04:00,1.3300000429153442,1.350000023841858,1.2699999809265137,1.2699999809265137,56400,0.0,0.0
2023-09-12 00:00:00-04:00,1.25,1.25,1.2300000190734863,1.2300000190734863,25600,0.0,0.0
2023-09-13 00:00:00-04:00,1.2489999532699585,1.2999999523162842,1.2489999532699585,1.25,14100,0.0,0.0
2023-09-14 00:00:00-04:00,1.2599999904632568,1.284999966621399,1.25,1.2599999904632568,10800,0.0,0.0
2023-09-15 00:00:00-04:00,1.2200000286102295,1.2790000438690186,1.2200000286102295,1.2699999809265137,20100,0.0,0.0
2023-09-18 00:00:00-04:00,1.25,1.3200000524520874,1.25,1.2599999904632568,14700,0.0,0.0
2023-09-19 00:00:00-04:00,1.2300000190734863,1.2599999904632568,1.2200000286102295,1.2200000286102295,14800,0.0,0.0
2023-09-20 00:00:00-04:00,1.225000023841858,1.25,1.149999976158142,1.159999966621399,22800,0.0,0.0
2023-09-21 00:00:00-04:00,1.149999976158142,1.2009999752044678,1.149999976158142,1.2000000476837158,15600,0.0,0.0
2023-09-22 00:00:00-04:00,1.25,1.25,1.149999976158142,1.149999976158142,24600,0.0,0.0
2023-09-25 00:00:00-04:00,1.149999976158142,1.159999966621399,1.1109999418258667,1.1200000047683716,20700,0.0,0.0
2023-09-26 00:00:00-04:00,1.1399999856948853,1.2000000476837158,1.1200000047683716,1.1200000047683716,27900,0.0,0.0
2023-09-27 00:00:00-04:00,1.1100000143051147,1.1699999570846558,1.100000023841858,1.1200000047683716,27600,0.0,0.0
2023-09-28 00:00:00-04:00,1.1200000047683716,1.215000033378601,1.1200000047683716,1.1399999856948853,26700,0.0,0.0
2023-09-29 00:00:00-04:00,1.190000057220459,1.222000002861023,1.1399999856948853,1.159999966621399,17400,0.0,0.0
2023-10-02 00:00:00-04:00,1.25,1.25,1.1100000143051147,1.1399999856948853,42400,0.0,0.0
2023-10-03 00:00:00-04:00,1.1200000047683716,1.1749999523162842,1.100000023841858,1.100000023841858,31000,0.0,0.0
2023-10-04 00:00:00-04:00,1.0800000429153442,1.1779999732971191,1.0800000429153442,1.090000033378601,12700,0.0,0.0
2023-10-05 00:00:00-04:00,1.0800000429153442,1.1139999628067017,1.059999942779541,1.0800000429153442,20400,0.0,0.0
2023-10-06 00:00:00-04:00,1.1299999952316284,1.1299999952316284,1.0800000429153442,1.1100000143051147,11900,0.0,0.0
2023-10-09 00:00:00-04:00,1.090000033378601,1.1200000047683716,1.0399999618530273,1.100000023841858,23400,0.0,0.0
2023-10-10 00:00:00-04:00,1.100000023841858,1.100000023841858,1.0800000429153442,1.090000033378601,26000,0.0,0.0
2023-10-11 00:00:00-04:00,1.1299999952316284,1.1449999809265137,1.1050000190734863,1.1399999856948853,15700,0.0,0.0
2023-10-12 00:00:00-04:00,1.1109999418258667,1.1299999952316284,1.059999942779541,1.0800000429153442,7900,0.0,0.0
2023-10-13 00:00:00-04:00,1.0800000429153442,1.0800000429153442,1.031000018119812,1.0399999618530273,11800,0.0,0.0
2023-10-16 00:00:00-04:00,1.0429999828338623,1.0700000524520874,1.0399999618530273,1.0499999523162842,28200,0.0,0.0
2023-10-17 00:00:00-04:00,1.059999942779541,1.1050000190734863,1.0499999523162842,1.0499999523162842,24300,0.0,0.0
2023-10-18 00:00:00-04:00,1.1399999856948853,1.1399999856948853,1.0499999523162842,1.0800000429153442,28500,0.0,0.0
2023-10-19 00:00:00-04:00,1.100000023841858,1.100000023841858,1.0499999523162842,1.0800000429153442,18800,0.0,0.0
2023-10-20 00:00:00-04:00,1.100000023841858,1.100000023841858,1.0499999523162842,1.0499999523162842,5200,0.0,0.0
2023-10-23 00:00:00-04:00,1.0499999523162842,1.0750000476837158,1.0399999618530273,1.0429999828338623,9300,0.0,0.0
2023-10-24 00:00:00-04:00,1.0499999523162842,1.059999942779541,1.0499999523162842,1.0549999475479126,14500,0.0,0.0
2023-10-25 00:00:00-04:00,1.0299999713897705,1.0889999866485596,1.0199999809265137,1.059999942779541,53300,0.0,0.0
2023-10-26 00:00:00-04:00,1.0299999713897705,1.0299999713897705,0.949999988079071,0.9509999752044678,74900,0.0,0.0
2023-10-27 00:00:00-04:00,0.9599999785423279,1.0700000524520874,0.949999988079071,0.9700000286102295,81400,0.0,0.0
2023-10-30 00:00:00-04:00,1.0,1.0199999809265137,0.9710000157356262,0.9729999899864197,27200,0.0,0.0
2023-10-31 00:00:00-04:00,1.0,1.0850000381469727,0.9710000157356262,1.0299999713897705,49400,0.0,0.0
2023-11-01 00:00:00-04:00,1.0199999809265137,1.0499999523162842,1.0199999809265137,1.0399999618530273,6200,0.0,0.0
2023-11-02 00:00:00-04:00,1.090000033378601,1.2100000381469727,1.059999942779541,1.190000057220459,89300,0.0,0.0
2023-11-03 00:00:00-04:00,1.2799999713897705,1.2799999713897705,1.1699999570846558,1.2400000095367432,54600,0.0,0.0
2023-11-06 00:00:00-05:00,1.2100000381469727,1.2300000190734863,1.1799999475479126,1.1799999475479126,25400,0.0,0.0
2023-11-07 00:00:00-05:00,1.1720000505447388,1.1799999475479126,1.1299999952316284,1.149999976158142,17100,0.0,0.0
2023-11-08 00:00:00-05:00,1.190000057220459,1.2400000095367432,1.1729999780654907,1.2300000190734863,33600,0.0,0.0
2023-11-09 00:00:00-05:00,1.2100000381469727,1.2200000286102295,1.0199999809265137,1.0399999618530273,47500,0.0,0.0
2023-11-10 00:00:00-05:00,1.100000023841858,1.1399999856948853,1.100000023841858,1.1200000047683716,24900,0.0,0.0
2023-11-13 00:00:00-05:00,1.1399999856948853,1.1399999856948853,1.0,1.0499999523162842,33100,0.0,0.0
2023-11-14 00:00:00-05:00,1.0499999523162842,1.2400000095367432,1.0499999523162842,1.1200000047683716,31900,0.0,0.0
2023-11-15 00:00:00-05:00,1.090000033378601,1.1449999809265137,1.0099999904632568,1.0700000524520874,45000,0.0,0.0
2023-11-16 00:00:00-05:00,1.0399999618530273,1.2000000476837158,1.0399999618530273,1.149999976158142,36700,0.0,0.0
2023-11-17 00:00:00-05:00,1.25,1.25,1.1399999856948853,1.2300000190734863,73000,0.0,0.0
2023-11-20 00:00:00-05:00,1.2000000476837158,1.2200000286102295,1.1699999570846558,1.190000057220459,24400,0.0,0.0
2023-11-21 00:00:00-05:00,1.1699999570846558,1.1699999570846558,1.100000023841858,1.1100000143051147,12100,0.0,0.0
2023-11-22 00:00:00-05:00,1.1100000143051147,1.1399999856948853,1.1009999513626099,1.1399999856948853,11800,0.0,0.0
2023-11-24 00:00:00-05:00,1.1399999856948853,1.159999966621399,1.1399999856948853,1.159999966621399,9700,0.0,0.0
2023-11-27 00:00:00-05:00,1.190000057220459,1.190000057220459,1.100000023841858,1.1200000047683716,33300,0.0,0.0
2023-11-28 00:00:00-05:00,1.100000023841858,1.1150000095367432,1.0800000429153442,1.090000033378601,34700,0.0,0.0
2023-11-29 00:00:00-05:00,1.090000033378601,1.125,1.0,1.059999942779541,54400,0.0,0.0
2023-11-30 00:00:00-05:00,1.059999942779541,1.059999942779541,1.0099999904632568,1.0399999618530273,42500,0.0,0.0
2023-12-01 00:00:00-05:00,1.0199999809265137,1.0700000524520874,1.0099999904632568,1.0700000524520874,30500,0.0,0.0
2023-12-04 00:00:00-05:00,1.090000033378601,1.090000033378601,1.0099999904632568,1.0199999809265137,51800,0.0,0.0
2023-12-05 00:00:00-05:00,1.0299999713897705,1.0499999523162842,1.0,1.0299999713897705,53900,0.0,0.0
2023-12-06 00:00:00-05:00,1.059999942779541,1.090000033378601,0.9710000157356262,1.0,102000,0.0,0.0
2023-12-07 00:00:00-05:00,1.0299999713897705,1.0299999713897705,0.9599999785423279,0.9750000238418579,139800,0.0,0.0
2023-12-08 00:00:00-05:00,0.9700000286102295,0.9700000286102295,0.949999988079071,0.9610000252723694,91800,0.0,0.0
2023-12-11 00:00:00-05:00,0.9599999785423279,0.9700000286102295,0.949999988079071,0.949999988079071,46300,0.0,0.0
2023-12-12 00:00:00-05:00,0.9549999833106995,0.9549999833106995,0.8999999761581421,0.9049999713897705,113600,0.0,0.0
2023-12-13 00:00:00-05:00,0.8999999761581421,0.9449999928474426,0.8799999952316284,0.9300000071525574,76300,0.0,0.0
2023-12-14 00:00:00-05:00,0.9300000071525574,1.0,0.9100000262260437,0.949999988079071,76300,0.0,0.0
2023-12-15 00:00:00-05:00,0.9599999785423279,0.9700000286102295,0.8849999904632568,0.8899999856948853,85500,0.0,0.0
2023-12-18 00:00:00-05:00,0.8899999856948853,0.9100000262260437,0.8650000095367432,0.8889999985694885,95800,0.0,0.0
2023-12-19 00:00:00-05:00,0.8799999952316284,0.8899999856948853,0.8399999737739563,0.8690000176429749,129200,0.0,0.0
2023-12-20 00:00:00-05:00,0.8500000238418579,0.875,0.8399999737739563,0.8650000095367432,78000,0.0,0.0
2023-12-21 00:00:00-05:00,0.8600000143051147,0.9200000166893005,0.824999988079071,0.8479999899864197,98200,0.0,0.0
2023-12-22 00:00:00-05:00,0.8330000042915344,0.8500000238418579,0.8209999799728394,0.8429999947547913,88200,0.0,0.0
2023-12-26 00:00:00-05:00,0.8600000143051147,0.8799999952316284,0.8299999833106995,0.8700000047683716,63200,0.0,0.0
2023-12-27 00:00:00-05:00,0.8600000143051147,0.9440000057220459,0.8539999723434448,0.9399999976158142,81700,0.0,0.0
2023-12-28 00:00:00-05:00,0.949999988079071,0.9599999785423279,0.9100000262260437,0.9169999957084656,114600,0.0,0.0
2023-12-29 00:00:00-05:00,0.9300000071525574,0.9300000071525574,0.8500000238418579,0.8600000143051147,98800,0.0,0.0
2024-01-02 00:00:00-05:00,0.8799999952316284,0.8799999952316284,0.7860000133514404,0.8140000104904175,127800,0.0,0.0
2024-01-03 00:00:00-05:00,0.8199999928474426,0.8259999752044678,0.7519999742507935,0.7749999761581421,138400,0.0,0.0
2024-01-04 00:00:00-05:00,0.8159999847412109,0.8209999799728394,0.7599999904632568,0.7900000214576721,153100,0.0,0.0
2024-01-05 00:00:00-05:00,0.7699999809265137,0.800000011920929,0.7699999809265137,0.800000011920929,79300,0.0,0.0
2024-01-08 00:00:00-05:00,0.7950000166893005,0.8920000195503235,0.7850000262260437,0.8299999833106995,110800,0.0,0.0
2024-01-09 00:00:00-05:00,0.8399999737739563,0.8399999737739563,0.7799999713897705,0.7889999747276306,94800,0.0,0.0
2024-01-10 00:00:00-05:00,0.7799999713897705,0.7900000214576721,0.7549999952316284,0.7649999856948853,80300,0.0,0.0
2024-01-11 00:00:00-05:00,0.7689999938011169,0.7699999809265137,0.7269999980926514,0.7400000095367432,92800,0.0,0.0
2024-01-12 00:00:00-05:00,0.7450000047683716,0.75,0.6919999718666077,0.7110000252723694,102800,0.0,0.0
2024-01-16 00:00:00-05:00,0.699999988079071,0.746999979019165,0.6600000262260437,0.6990000009536743,134300,0.0,0.0
2024-01-17 00:00:00-05:00,0.6899999976158142,0.6899999976158142,0.6209999918937683,0.6499999761581421,98900,0.0,0.0
2024-01-18 00:00:00-05:00,0.6600000262260437,0.7369999885559082,0.6399999856948853,0.7160000205039978,57900,0.0,0.0
2024-01-19 00:00:00-05:00,0.7070000171661377,0.7170000076293945,0.6949999928474426,0.7099999785423279,25600,0.0,0.0
2024-01-22 00:00:00-05:00,0.7250000238418579,0.7250000238418579,0.6710000038146973,0.6909999847412109,38900,0.0,0.0
2024-01-23 00:00:00-05:00,0.6800000071525574,0.6940000057220459,0.6650000214576721,0.6710000038146973,22600,0.0,0.0
2024-01-24 00:00:00-05:00,0.6800000071525574,0.699999988079071,0.6800000071525574,0.6949999928474426,25300,0.0,0.0
2024-01-25 00:00:00-05:00,0.6899999976158142,0.6899999976158142,0.640999972820282,0.6449999809265137,46000,0.0,0.0
2024-01-26 00:00:00-05:00,0.6600000262260437,0.6800000071525574,0.6499999761581421,0.6740000247955322,12400,0.0,0.0
2024-01-29 00:00:00-05:00,0.6700000166893005,0.6899999976158142,0.6700000166893005,0.6890000104904175,25600,0.0,0.0
2024-01-30 00:00:00-05:00,0.6729999780654907,0.6899999976158142,0.6399999856948853,0.656000018119812,39300,0.0,0.0
2024-01-31 00:00:00-05:00,0.6499999761581421,0.6549999713897705,0.6000000238418579,0.6050000190734863,110200,0.0,0.0
2024-02-01 00:00:00-05:00,0.6050000190734863,0.6050000190734863,0.574999988079071,0.5799999833106995,119500,0.0,0.0
2024-02-02 00:00:00-05:00,0.5899999737739563,0.6499999761581421,0.5699999928474426,0.6480000019073486,108000,0.0,0.0
2024-02-05 00:00:00-05:00,0.6510000228881836,0.6549999713897705,0.5799999833106995,0.6100000143051147,67700,0.0,0.0
2024-02-06 00:00:00-05:00,0.6010000109672546,0.6499999761581421,0.5910000205039978,0.6190000176429749,82700,0.0,0.0
2024-02-07 00:00:00-05:00,0.6200000047683716,0.6200000047683716,0.5899999737739563,0.6069999933242798,81700,0.0,0.0
2024-02-08 00:00:00-05:00,0.6000000238418579,0.6119999885559082,0.550000011920929,0.5809999704360962,110600,0.0,0.0
2024-02-09 00:00:00-05:00,0.5830000042915344,0.597000002861023,0.5370000004768372,0.597000002861023,85900,0.0,0.0
2024-02-12 00:00:00-05:00,0.6000000238418579,0.6299999952316284,0.5799999833106995,0.6230000257492065,131300,0.0,0.0
2024-02-13 00:00:00-05:00,0.6039999723434448,0.6100000143051147,0.5699999928474426,0.5910000205039978,81700,0.0,0.0
2024-02-14 00:00:00-05:00,0.6000000238418579,0.75,0.5899999737739563,0.746999979019165,323000,0.0,0.0
2024-02-15 00:00:00-05:00,0.7200000286102295,0.7900000214576721,0.6700000166893005,0.7590000033378601,215400,0.0,0.0
2024-02-16 00:00:00-05:00,0.7599999904632568,0.7599999904632568,0.7059999704360962,0.75,149600,0.0,0.0
2024-02-20 00:00:00-05:00,0.7379999756813049,0.75,0.6269999742507935,0.699999988079071,78300,0.0,0.0
2024-02-21 00:00:00-05:00,0.699999988079071,0.7099999785423279,0.6899999976158142,0.7099999785423279,106300,0.0,0.0
2024-02-22 00:00:00-05:00,0.699999988079071,0.699999988079071,0.6499999761581421,0.6549999713897705,53200,0.0,0.0
2024-02-23 00:00:00-05:00,0.6600000262260437,0.6650000214576721,0.5609999895095825,0.6200000047683716,148100,0.0,0.0
2024-02-26 00:00:00-05:00,0.6299999952316284,0.6449999809265137,0.6000000238418579,0.6110000014305115,52400,0.0,0.0
2024-02-27 00:00:00-05:00,0.6200000047683716,0.6320000290870667,0.5920000076293945,0.6029999852180481,40800,0.0,0.0
2024-02-28 00:00:00-05:00,0.5920000076293945,0.6200000047683716,0.5799999833106995,0.6029999852180481,49200,0.0,0.0
2024-02-29 00:00:00-05:00,0.6000000238418579,0.6370000243186951,0.5899999737739563,0.6179999709129333,105500,0.0,0.0
2024-03-01 00:00:00-05:00,0.6010000109672546,0.6700000166893005,0.6000000238418579,0.652999997138977,157800,0.0,0.0
2024-03-04 00:00:00-05:00,0.6430000066757202,0.6700000166893005,0.6000000238418579,0.6489999890327454,54100,0.0,0.0
2024-03-05 00:00:00-05:00,0.6299999952316284,0.6349999904632568,0.6000000238418579,0.6190000176429749,54500,0.0,0.0
2024-03-06 00:00:00-05:00,0.6499999761581421,0.6700000166893005,0.6100000143051147,0.6589999794960022,13600,0.0,0.0
2024-03-07 00:00:00-05:00,0.6320000290870667,0.6499999761581421,0.6100000143051147,0.6259999871253967,36500,0.0,0.0
2024-03-08 00:00:00-05:00,0.6370000243186951,0.6499999761581421,0.6100000143051147,0.6320000290870667,35000,0.0,0.0
2024-03-11 00:00:00-04:00,0.6340000033378601,0.6340000033378601,0.6150000095367432,0.6150000095367432,43700,0.0,0.0
2024-03-12 00:00:00-04:00,0.6359999775886536,0.6359999775886536,0.6100000143051147,0.6179999709129333,31000,0.0,0.0
2024-03-13 00:00:00-04:00,0.6200000047683716,0.6499999761581421,0.6150000095367432,0.6399999856948853,41700,0.0,0.0
2024-03-14 00:00:00-04:00,0.621999979019165,0.625,0.5899999737739563,0.6190000176429749,71300,0.0,0.0
2024-03-15 00:00:00-04:00,0.6010000109672546,0.6100000143051147,0.5799999833106995,0.6060000061988831,56300,0.0,0.0
2024-03-18 00:00:00-04:00,0.6600000262260437,0.6800000071525574,0.6000000238418579,0.6179999709129333,94800,0.0,0.0
2024-03-19 00:00:00-04:00,0.6100000143051147,0.6299999952316284,0.5630000233650208,0.6019999980926514,137600,0.0,0.0
2024-03-20 00:00:00-04:00,0.6000000238418579,0.6100000143051147,0.574999988079071,0.6100000143051147,85100,0.0,0.0
2024-03-21 00:00:00-04:00,0.6100000143051147,0.6100000143051147,0.574999988079071,0.5820000171661377,73900,0.0,0.0
2024-03-22 00:00:00-04:00,0.5950000286102295,0.6079999804496765,0.5699999928474426,0.5979999899864197,66600,0.0,0.0
2024-03-25 00:00:00-04:00,0.6000000238418579,0.6100000143051147,0.5699999928474426,0.5820000171661377,42200,0.0,0.0
2024-03-26 00:00:00-04:00,0.5899999737739563,0.6349999904632568,0.5699999928474426,0.6200000047683716,105600,0.0,0.0
2024-03-27 00:00:00-04:00,0.6150000095367432,0.6499999761581421,0.5899999737739563,0.6399999856948853,204400,0.0,0.0
2024-03-28 00:00:00-04:00,0.6209999918937683,0.625,0.5720000267028809,0.578000009059906,111400,0.0,0.0
2024-04-01 00:00:00-04:00,0.5989999771118164,0.6000000238418579,0.5709999799728394,0.5989999771118164,114200,0.0,0.0
2024-04-02 00:00:00-04:00,0.6000000238418579,0.6000000238418579,0.550000011920929,0.5690000057220459,212200,0.0,0.0
2024-04-03 00:00:00-04:00,0.5699999928474426,0.5799999833106995,0.5249999761581421,0.5709999799728394,141900,0.0,0.0
2024-04-04 00:00:00-04:00,0.5699999928474426,0.5699999928474426,0.531000018119812,0.5479999780654907,98700,0.0,0.0
2024-04-05 00:00:00-04:00,0.5370000004768372,0.5400000214576721,0.47999998927116394,0.5,431200,0.0,0.0
2024-04-08 00:00:00-04:00,0.5,0.5490000247955322,0.49000000953674316,0.5090000033378601,81800,0.0,0.0
2024-04-09 00:00:00-04:00,0.5099999904632568,0.5149999856948853,0.47999998927116394,0.49000000953674316,104000,0.0,0.0
2024-04-10 00:00:00-04:00,0.5099999904632568,0.5099999904632568,0.49000000953674316,0.5,106000,0.0,0.0
2024-04-11 00:00:00-04:00,0.5199999809265137,0.5199999809265137,0.4819999933242798,0.4880000054836273,109200,0.0,0.0
2024-04-12 00:00:00-04:00,0.47999998927116394,0.49000000953674316,0.46000000834465027,0.4699999988079071,172600,0.0,0.0
2024-04-15 00:00:00-04:00,0.4830000102519989,0.4830000102519989,0.4300000071525574,0.44200000166893005,204200,0.0,0.0
2024-04-16 00:00:00-04:00,0.4399999976158142,0.4399999976158142,0.3919999897480011,0.421999990940094,322200,0.0,0.0
2024-04-17 00:00:00-04:00,0.4309999942779541,0.4399999976158142,0.41600000858306885,0.4390000104904175,70100,0.0,0.0
2024-04-18 00:00:00-04:00,0.4300000071525574,0.4300000071525574,0.4009999930858612,0.4099999964237213,84100,0.0,0.0
2024-04-19 00:00:00-04:00,0.4050000011920929,0.4399999976158142,0.3959999978542328,0.4169999957084656,128800,0.0,0.0
2024-04-22 00:00:00-04:00,0.4099999964237213,0.4099999964237213,0.38999998569488525,0.39899998903274536,181200,0.0,0.0
2024-04-23 00:00:00-04:00,0.4099999964237213,0.4300000071525574,0.39500001072883606,0.42500001192092896,131700,0.0,0.0
2024-04-24 00:00:00-04:00,0.41999998688697815,0.4269999861717224,0.38999998569488525,0.39500001072883606,98000,0.0,0.0
2024-04-25 00:00:00-04:00,0.38499999046325684,0.4000000059604645,0.36000001430511475,0.38600000739097595,129100,0.0,0.0
2024-04-26 00:00:00-04:00,0.3869999945163727,0.39800000190734863,0.36500000953674316,0.382999986410141,116500,0.0,0.0
2024-04-29 00:00:00-04:00,0.40400001406669617,0.4480000138282776,0.3840000033378601,0.41999998688697815,107000,0.0,0.0
2024-04-30 00:00:00-04:00,0.40299999713897705,0.42500001192092896,0.38999998569488525,0.41100001335144043,210800,0.0,0.0
2024-05-01 00:00:00-04:00,0.41999998688697815,0.41999998688697815,0.39100000262260437,0.4000000059604645,84100,0.0,0.0
2024-05-02 00:00:00-04:00,0.40400001406669617,0.44999998807907104,0.3930000066757202,0.4300000071525574,90500,0.0,0.0
2024-05-03 00:00:00-04:00,0.4490000009536743,0.4490000009536743,0.39899998903274536,0.42100000381469727,73400,0.0,0.0
2024-05-06 00:00:00-04:00,0.4000000059604645,0.4300000071525574,0.39899998903274536,0.421999990940094,88500,0.0,0.0
2024-05-07 00:00:00-04:00,0.421999990940094,0.4259999990463257,0.4009999930858612,0.4050000011920929,79500,0.0,0.0
2024-05-08 00:00:00-04:00,0.4099999964237213,0.41999998688697815,0.38499999046325684,0.4000000059604645,84200,0.0,0.0
2024-05-09 00:00:00-04:00,0.4000000059604645,0.4189999997615814,0.3799999952316284,0.40700000524520874,91800,0.0,0.0
2024-05-10 00:00:00-04:00,0.4000000059604645,0.4129999876022339,0.39100000262260437,0.39800000190734863,89600,0.0,0.0
2024-05-13 00:00:00-04:00,0.39899998903274536,0.4099999964237213,0.38199999928474426,0.38999998569488525,80700,0.0,0.0
2024-05-14 00:00:00-04:00,0.4000000059604645,0.4099999964237213,0.38100001215934753,0.3919999897480011,103200,0.0,0.0
2024-05-15 00:00:00-04:00,0.38199999928474426,0.4099999964237213,0.38199999928474426,0.40700000524520874,80800,0.0,0.0
2024-05-16 00:00:00-04:00,0.4000000059604645,0.4099999964237213,0.38999998569488525,0.4009999930858612,75200,0.0,0.0
2024-05-17 00:00:00-04:00,0.4000000059604645,0.4050000011920929,0.3799999952316284,0.39399999380111694,124000,0.0,0.0
2024-05-20 00:00:00-04:00,0.3799999952316284,0.38999998569488525,0.3700000047683716,0.38199999928474426,134900,0.0,0.0
2024-05-21 00:00:00-04:00,0.3880000114440918,0.3880000114440918,0.36500000953674316,0.375,136300,0.0,0.0
2024-05-22 00:00:00-04:00,0.3799999952316284,0.39500001072883606,0.36500000953674316,0.39100000262260437,118400,0.0,0.0
2024-05-23 00:00:00-04:00,0.39800000190734863,0.4000000059604645,0.3700000047683716,0.37599998712539673,105000,0.0,0.0
2024-05-24 00:00:00-04:00,0.38100001215934753,0.38999998569488525,0.3700000047683716,0.38499999046325684,82000,0.0,0.0
2024-05-28 00:00:00-04:00,0.3919999897480011,0.39399999380111694,0.35199999809265137,0.3889999985694885,198800,0.0,0.0
2024-05-29 00:00:00-04:00,0.3790000081062317,0.3889999985694885,0.35100001096725464,0.3569999933242798,95600,0.0,0.0
2024-05-30 00:00:00-04:00,0.36000001430511475,0.3799999952316284,0.3400000035762787,0.3610000014305115,985500,0.0,0.0
2024-05-31 00:00:00-04:00,0.3799999952316284,0.3799999952316284,0.3400000035762787,0.34299999475479126,323800,0.0,0.0
2024-06-03 00:00:00-04:00,0.3659999966621399,0.3659999966621399,0.3199999928474426,0.3230000138282776,306700,0.0,0.0
2024-06-04 00:00:00-04:00,0.33899998664855957,0.33899998664855957,0.28200000524520874,0.3070000112056732,287500,0.0,0.0
2024-06-05 00:00:00-04:00,0.30000001192092896,0.30000001192092896,0.25099998712539673,0.26899999380111694,527700,0.0,0.0
2024-06-06 00:00:00-04:00,0.2669999897480011,0.28999999165534973,0.25,0.26499998569488525,723400,0.0,0.0
2024-06-07 00:00:00-04:00,0.25699999928474426,0.25999999046325684,0.2199999988079071,0.23600000143051147,488600,0.0,0.0
2024-06-10 00:00:00-04:00,0.2529999911785126,0.2529999911785126,0.23499999940395355,0.23600000143051147,262200,0.0,0.0
2024-06-11 00:00:00-04:00,0.23800000548362732,0.25,0.2290000021457672,0.24899999797344208,336000,0.0,0.0
2024-06-12 00:00:00-04:00,0.25099998712539673,0.2630000114440918,0.2409999966621399,0.25099998712539673,277000,0.0,0.0
2024-06-13 00:00:00-04:00,0.25999999046325684,0.25999999046325684,0.23199999332427979,0.23999999463558197,151900,0.0,0.0
2024-06-14 00:00:00-04:00,0.23999999463558197,0.27000001072883606,0.23000000417232513,0.25099998712539673,167800,0.0,0.0
2024-06-17 00:00:00-04:00,0.2540000081062317,0.2680000066757202,0.23600000143051147,0.24300000071525574,136800,0.0,0.0
2024-06-18 00:00:00-04:00,0.2460000067949295,0.25,0.23100000619888306,0.23899999260902405,230600,0.0,0.0
2024-06-20 00:00:00-04:00,0.23499999940395355,0.23499999940395355,0.13300000131130219,0.20900000631809235,1255000,0.0,0.0
2024-06-21 00:00:00-04:00,0.20000000298023224,0.23999999463558197,0.20000000298023224,0.23000000417232513,902900,0.0,0.0
2024-06-24 00:00:00-04:00,0.23999999463558197,0.23999999463558197,0.210999995470047,0.23999999463558197,213200,0.0,0.0
2024-06-25 00:00:00-04:00,0.2370000034570694,0.23999999463558197,0.21199999749660492,0.2290000021457672,128000,0.0,0.0
2024-06-26 00:00:00-04:00,0.22300000488758087,0.23000000417232513,0.1809999942779541,0.21199999749660492,341700,0.0,0.0
2024-06-27 00:00:00-04:00,0.20999999344348907,0.23000000417232513,0.20100000500679016,0.21699999272823334,176300,0.0,0.0
2024-06-28 00:00:00-04:00,0.20999999344348907,0.2199999988079071,0.20100000500679016,0.2029999941587448,190000,0.0,0.0
2024-07-01 00:00:00-04:00,0.2029999941587448,0.21400000154972076,0.1599999964237213,0.17399999499320984,955600,0.0,0.0
2024-07-02 00:00:00-04:00,0.17399999499320984,0.18000000715255737,0.16500000655651093,0.17000000178813934,235300,0.0,0.0
2024-07-03 00:00:00-04:00,0.17000000178813934,0.20000000298023224,0.16099999845027924,0.18299999833106995,251600,0.0,0.0
2024-07-05 00:00:00-04:00,0.1809999942779541,0.1860000044107437,0.17599999904632568,0.18000000715255737,271800,0.0,0.0
