Date,Open,High,Low,Close,Adj Close,Volume
2010-06-29,1.266667,1.666667,1.169333,1.592667,1.592667,281494500
2010-06-30,1.719333,2.028000,1.553333,1.588667,1.588667,257806500
2010-07-01,1.666667,1.728000,1.351333,1.464000,1.464000,123282000
2010-07-02,1.533333,1.540000,1.247333,1.280000,1.280000,77097000
2010-07-06,1.333333,1.333333,1.055333,1.074000,1.074000,103003500
2010-07-07,1.093333,1.108667,0.998667,1.053333,1.053333,103825500
2010-07-08,1.076000,1.168000,1.038000,1.164000,1.164000,115671000
2010-07-09,1.172000,1.193333,1.103333,1.160000,1.160000,60759000
2010-07-12,1.196667,1.204667,1.133333,1.136667,1.136667,33037500
2010-07-13,1.159333,1.242667,1.126667,1.209333,1.209333,40201500
2010-07-14,1.196000,1.343333,1.184000,1.322667,1.322667,62928000
2010-07-15,1.329333,1.433333,1.266667,1.326000,1.326000,56097000
2010-07-16,1.380000,1.420000,1.336667,1.376000,1.376000,39319500
2010-07-19,1.424667,1.483333,1.394667,1.460667,1.460667,37297500
2010-07-20,1.456667,1.456667,1.336667,1.353333,1.353333,27379500
2010-07-21,1.377333,1.393333,1.300000,1.348000,1.348000,18787500
2010-07-22,1.366667,1.416667,1.358000,1.400000,1.400000,14367000
2010-07-23,1.412667,1.437333,1.404000,1.419333,1.419333,9804000
2010-07-26,1.433333,1.433333,1.353333,1.396667,1.396667,13833000
2010-07-27,1.394000,1.412000,1.350667,1.370000,1.370000,9295500
2010-07-28,1.370000,1.393333,1.367333,1.381333,1.381333,7008000
2010-07-29,1.384667,1.392000,1.333333,1.356667,1.356667,9240000
2010-07-30,1.346667,1.362667,1.303333,1.329333,1.329333,6403500
2010-08-02,1.366667,1.398000,1.355333,1.394667,1.394667,10771500
2010-08-03,1.400000,1.463333,1.388000,1.463333,1.463333,18457500
2010-08-04,1.463333,1.478667,1.390000,1.417333,1.417333,13695000
2010-08-05,1.436000,1.436667,1.336667,1.363333,1.363333,11943000
2010-08-06,1.340000,1.344000,1.301333,1.306000,1.306000,11128500
2010-08-09,1.326667,1.332000,1.296667,1.306667,1.306667,12190500
2010-08-10,1.310000,1.310000,1.254667,1.268667,1.268667,19219500
2010-08-11,1.246000,1.258667,1.190000,1.193333,1.193333,11964000
2010-08-12,1.186667,1.193333,1.159333,1.173333,1.173333,10365000
2010-08-13,1.212000,1.230000,1.177333,1.221333,1.221333,9510000
2010-08-16,1.230000,1.253333,1.217333,1.252000,1.252000,7287000
2010-08-17,1.264000,1.293333,1.252000,1.276667,1.276667,6718500
2010-08-18,1.306000,1.306000,1.240000,1.251333,1.251333,9019500
2010-08-19,1.236000,1.283333,1.222000,1.252667,1.252667,8686500
2010-08-20,1.243333,1.274000,1.234000,1.273333,1.273333,4440000
2010-08-23,1.272667,1.359333,1.266667,1.342000,1.342000,16321500
2010-08-24,1.283333,1.314000,1.263333,1.280000,1.280000,10096500
2010-08-25,1.277333,1.332000,1.237333,1.326667,1.326667,7549500
2010-08-26,1.326000,1.351333,1.306667,1.316667,1.316667,6507000
2010-08-27,1.316667,1.324667,1.300000,1.313333,1.313333,5694000
2010-08-30,1.313333,1.346000,1.307333,1.324667,1.324667,10992000
2010-08-31,1.310667,1.319333,1.288667,1.298667,1.298667,3016500
2010-09-01,1.308000,1.379333,1.306667,1.363333,1.363333,7423500
2010-09-02,1.358000,1.416000,1.354000,1.404000,1.404000,7306500
2010-09-03,1.391333,1.420000,1.377333,1.403333,1.403333,6519000
2010-09-07,1.374000,1.400000,1.366667,1.369333,1.369333,3651000
2010-09-08,1.377333,1.396667,1.373333,1.393333,1.393333,4326000
2010-09-09,1.400000,1.403333,1.379333,1.380667,1.380667,5643000
2010-09-10,1.383333,1.395333,1.317333,1.344667,1.344667,5799000
2010-09-13,1.392667,1.393333,1.366667,1.381333,1.381333,5412000
2010-09-14,1.369333,1.440000,1.368667,1.408000,1.408000,9820500
2010-09-15,1.398667,1.466667,1.386000,1.465333,1.465333,10269000
2010-09-16,1.476667,1.544000,1.389333,1.396000,1.396000,40267500
2010-09-17,1.401333,1.421333,1.320000,1.348667,1.348667,17977500
2010-09-20,1.378000,1.423333,1.344000,1.404000,1.404000,14212500
2010-09-21,1.392667,1.436667,1.378000,1.384667,1.384667,11940000
2010-09-22,1.391333,1.396667,1.320000,1.324667,1.324667,14443500
2010-09-23,1.326000,1.342667,1.300000,1.304000,1.304000,10021500
2010-09-24,1.330000,1.346000,1.310000,1.340000,1.340000,8683500
2010-09-27,1.360000,1.387333,1.336667,1.368667,1.368667,6279000
2010-09-28,1.402667,1.432667,1.384000,1.426667,1.426667,18217500
2010-09-29,1.412667,1.468667,1.408667,1.465333,1.465333,29539500
2010-09-30,1.466667,1.476667,1.346000,1.360667,1.360667,32937000
2010-10-01,1.379333,1.383333,1.354000,1.373333,1.373333,8965500
2010-10-04,1.362000,1.411333,1.353333,1.399333,1.399333,9654000
2010-10-05,1.410000,1.418667,1.400667,1.408000,1.408000,4980000
2010-10-06,1.404000,1.417333,1.354667,1.364000,1.364000,4701000
2010-10-07,1.371333,1.376000,1.356000,1.362000,1.362000,2115000
2010-10-08,1.362000,1.386000,1.359333,1.362000,1.362000,4017000
2010-10-11,1.362667,1.380000,1.338000,1.349333,1.349333,2568000
2010-10-12,1.346667,1.352000,1.335333,1.349333,1.349333,3660000
2010-10-13,1.376000,1.390000,1.357333,1.369333,1.369333,4773000
2010-10-14,1.400000,1.402000,1.360000,1.383333,1.383333,4422000
2010-10-15,1.392667,1.393333,1.350000,1.369333,1.369333,4270500
2010-10-18,1.368000,1.376000,1.348000,1.348667,1.348667,2442000
2010-10-19,1.346667,1.360667,1.333333,1.336667,1.336667,3678000
2010-10-20,1.344000,1.379333,1.336000,1.376667,1.376667,4687500
2010-10-21,1.374000,1.396667,1.363333,1.383333,1.383333,6256500
2010-10-22,1.378667,1.395333,1.370000,1.381333,1.381333,2416500
2010-10-25,1.396000,1.398667,1.382000,1.390000,1.390000,1777500
2010-10-26,1.386667,1.458000,1.367333,1.424000,1.424000,9913500
2010-10-27,1.416667,1.425333,1.376667,1.400000,1.400000,5347500
2010-10-28,1.426000,1.433333,1.397333,1.412667,1.412667,3363000
2010-10-29,1.409333,1.456667,1.403333,1.456000,1.456000,4209000
2010-11-01,1.462667,1.516667,1.420667,1.427333,1.427333,6837000
2010-11-02,1.445333,1.458667,1.403333,1.416667,1.416667,4837500
2010-11-03,1.418667,1.500000,1.410667,1.451333,1.451333,5589000
2010-11-04,1.506667,1.688667,1.476667,1.660000,1.660000,28110000
2010-11-05,1.658000,1.664667,1.581333,1.629333,1.629333,15165000
2010-11-08,1.633333,1.666667,1.602000,1.665333,1.665333,7642500
2010-11-09,1.666667,1.712667,1.603333,1.642000,1.642000,14346000
2010-11-10,1.632000,1.998000,1.603333,1.957333,1.957333,45907500
2010-11-11,1.906667,1.940000,1.822000,1.869333,1.869333,29179500
2010-11-12,1.883333,2.033333,1.871333,1.989333,1.989333,40936500
2010-11-15,2.014667,2.196000,2.014667,2.053333,2.053333,39343500
2010-11-16,2.066667,2.093333,1.894667,1.978000,1.978000,20214000
2010-11-17,2.013333,2.050000,1.907333,1.966000,1.966000,11250000
2010-11-18,2.044667,2.049333,1.928000,1.992667,1.992667,14341500
2010-11-19,2.010667,2.091333,1.980000,2.066000,2.066000,17257500
2010-11-22,2.104667,2.230000,2.100000,2.226667,2.226667,22945500
2010-11-23,2.219333,2.378667,2.146000,2.304667,2.304667,23667000
2010-11-24,2.351333,2.398000,2.288667,2.364667,2.364667,21375000
2010-11-26,2.373333,2.400000,2.316667,2.354667,2.354667,5259000
2010-11-29,2.360667,2.396667,2.222000,2.288667,2.288667,17184000
2010-11-30,2.249333,2.355333,2.227333,2.355333,2.355333,33339000
2010-12-01,2.391333,2.428000,2.230000,2.290000,2.290000,19488000
2010-12-02,2.267333,2.286667,2.080000,2.156667,2.156667,30105000
2010-12-03,2.134000,2.150000,2.058000,2.099333,2.099333,17401500
2010-12-06,2.090000,2.096667,1.970667,2.020667,2.020667,19116000
2010-12-07,2.032667,2.160000,2.003333,2.104000,2.104000,19669500
2010-12-08,2.165333,2.166000,2.101333,2.158000,2.158000,9900000
2010-12-09,2.167333,2.181333,2.110000,2.136667,2.136667,6090000
2010-12-10,2.136667,2.194667,2.075333,2.101333,2.101333,6441000
2010-12-13,2.109333,2.118000,2.026667,2.036667,2.036667,6156000
2010-12-14,2.019333,2.026000,1.850667,1.902000,1.902000,26485500
2010-12-15,1.911333,1.998000,1.902000,1.973333,1.973333,11143500
2010-12-16,2.000000,2.060667,1.976667,2.054000,2.054000,11851500
2010-12-17,2.089333,2.102667,2.047333,2.090667,2.090667,12195000
2010-12-20,2.109333,2.146000,2.084000,2.113333,2.113333,7851000
2010-12-21,2.120000,2.179333,2.114000,2.150667,2.150667,11665500
2010-12-22,2.150000,2.190667,2.113333,2.175333,2.175333,12499500
2010-12-23,2.084000,2.165333,1.994667,2.006000,2.006000,23289000
2010-12-27,1.868000,1.905333,1.670667,1.703333,1.703333,139528500
2010-12-28,1.723333,1.783333,1.666667,1.760667,1.760667,60844500
2010-12-29,1.802000,1.867333,1.766667,1.848667,1.848667,49788000
2010-12-30,1.846667,1.860000,1.758667,1.766667,1.766667,30616500
2010-12-31,1.771333,1.816667,1.766667,1.775333,1.775333,21268500
2011-01-03,1.789333,1.800000,1.726667,1.774667,1.774667,19245000
2011-01-04,1.777333,1.796667,1.734667,1.778000,1.778000,17811000
2011-01-05,1.765333,1.793333,1.746000,1.788667,1.788667,21700500
2011-01-06,1.788667,1.866667,1.787333,1.858667,1.858667,30918000
2011-01-07,1.866667,1.905333,1.860000,1.882667,1.882667,33718500
2011-01-10,1.878000,1.912000,1.870000,1.896667,1.896667,20140500
2011-01-11,1.906000,1.914000,1.794667,1.797333,1.797333,25653000
2011-01-12,1.800667,1.826667,1.768000,1.797333,1.797333,14466000
2011-01-13,1.797333,1.798000,1.744000,1.748000,1.748000,10854000
2011-01-14,1.743333,1.772000,1.707333,1.716667,1.716667,17880000
2011-01-18,1.698667,1.709333,1.650000,1.709333,1.709333,24325500
2011-01-19,1.684667,1.698000,1.583333,1.602000,1.602000,35572500
2011-01-20,1.602000,1.630000,1.491333,1.508000,1.508000,34198500
2011-01-21,1.541333,1.572667,1.514000,1.536000,1.536000,18255000
2011-01-24,1.568667,1.654000,1.548667,1.632667,1.632667,24676500
2011-01-25,1.643333,1.659333,1.601333,1.645333,1.645333,19072500
2011-01-26,1.647333,1.658667,1.606667,1.650000,1.650000,16198500
2011-01-27,1.649333,1.672000,1.635333,1.661333,1.661333,13435500
2011-01-28,1.658667,1.658667,1.583333,1.600667,1.600667,15726000
2011-01-31,1.603333,1.608000,1.566667,1.606667,1.606667,12454500
2011-02-01,1.620667,1.648667,1.569333,1.594000,1.594000,10617000
2011-02-02,1.610667,1.612000,1.578000,1.596000,1.596000,8542500
2011-02-03,1.588000,1.593333,1.543333,1.575333,1.575333,7680000
2011-02-04,1.562667,1.578000,1.548000,1.564000,1.564000,8160000
2011-02-07,1.550667,1.550667,1.525333,1.538000,1.538000,13426500
2011-02-08,1.585333,1.683333,1.533333,1.632667,1.632667,52573500
2011-02-09,1.608667,1.612000,1.519333,1.547333,1.547333,39534000
2011-02-10,1.550667,1.576000,1.520667,1.548000,1.548000,12541500
2011-02-11,1.550000,1.583333,1.529333,1.550000,1.550000,9517500
2011-02-14,1.576000,1.609333,1.536667,1.538667,1.538667,19246500
2011-02-15,1.534000,1.544667,1.504000,1.522667,1.522667,14305500
2011-02-16,1.540000,1.664667,1.538000,1.648667,1.648667,61726500
2011-02-17,1.642000,1.699333,1.570000,1.573333,1.573333,39276000
2011-02-18,1.555333,1.566000,1.530667,1.545333,1.545333,35560500
2011-02-22,1.525333,1.533333,1.452000,1.458000,1.458000,30969000
2011-02-23,1.478667,1.500000,1.407333,1.455333,1.455333,24084000
2011-02-24,1.452000,1.505333,1.433333,1.502000,1.502000,15829500
2011-02-25,1.520667,1.590000,1.512667,1.574000,1.574000,20194500
2011-02-28,1.582667,1.606667,1.566667,1.592667,1.592667,15768000
2011-03-01,1.603333,1.621333,1.580000,1.596000,1.596000,16596000
2011-03-02,1.588000,1.618667,1.582000,1.601333,1.601333,9949500
2011-03-03,1.632000,1.652667,1.604000,1.624000,1.624000,9603000
2011-03-04,1.632000,1.666000,1.585333,1.663333,1.663333,23701500
2011-03-07,1.662000,1.693333,1.646667,1.662667,1.662667,30504000
2011-03-08,1.640000,1.664000,1.600000,1.644000,1.644000,20998500
2011-03-09,1.644000,1.666000,1.618000,1.648000,1.648000,13872000
2011-03-10,1.629333,1.632667,1.582000,1.600667,1.600667,15255000
2011-03-11,1.590000,1.616667,1.568667,1.604667,1.604667,13962000
2011-03-14,1.588000,1.600000,1.546667,1.550000,1.550000,17490000
2011-03-15,1.480000,1.530667,1.453333,1.530000,1.530000,19782000
2011-03-16,1.524000,1.550000,1.512667,1.521333,1.521333,17545500
2011-03-17,1.549333,1.562000,1.509333,1.520667,1.520667,13839000
2011-03-18,1.546000,1.546000,1.500667,1.530667,1.530667,10318500
2011-03-21,1.536667,1.536667,1.502667,1.515333,1.515333,6175500
2011-03-22,1.515333,1.524000,1.466667,1.479333,1.479333,8743500
2011-03-23,1.474000,1.484667,1.451333,1.480667,1.480667,6342000
2011-03-24,1.476000,1.492000,1.465333,1.488667,1.488667,6933000
2011-03-25,1.495333,1.533333,1.493333,1.516667,1.516667,8520000
2011-03-28,1.513333,1.569333,1.503333,1.550000,1.550000,15871500
2011-03-29,1.553333,1.600000,1.547333,1.594667,1.594667,11331000
2011-03-30,1.607333,1.632667,1.534000,1.580667,1.580667,18349500
2011-03-31,1.770000,1.914000,1.766667,1.850000,1.850000,172767000
2011-04-01,1.830000,1.878667,1.771333,1.777333,1.777333,42972000
2011-04-04,1.788667,1.800000,1.682000,1.722000,1.722000,39139500
2011-04-05,1.726667,1.800000,1.712667,1.780000,1.780000,47713500
2011-04-06,1.799333,1.800667,1.720000,1.766000,1.766000,19324500
2011-04-07,1.790000,1.862667,1.763333,1.816000,1.816000,42154500
2011-04-08,1.838667,1.840000,1.757333,1.766000,1.766000,29196000
2011-04-11,1.764667,1.768667,1.668000,1.684667,1.684667,20541000
2011-04-12,1.672000,1.680667,1.620000,1.643333,1.643333,20361000
2011-04-13,1.675333,1.712667,1.654000,1.662000,1.662000,18172500
2011-04-14,1.658000,1.685333,1.613333,1.676000,1.676000,14751000
2011-04-15,1.710000,1.745333,1.694000,1.705333,1.705333,14152500
2011-04-18,1.675333,1.708000,1.624000,1.668667,1.668667,15508500
2011-04-19,1.684000,1.684000,1.643333,1.677333,1.677333,8230500
2011-04-20,1.713333,1.739333,1.686667,1.716667,1.716667,12558000
2011-04-21,1.723333,1.798667,1.706000,1.782667,1.782667,20791500
2011-04-25,1.780000,1.782000,1.731333,1.759333,1.759333,12013500
2011-04-26,1.777333,1.816667,1.754000,1.795333,1.795333,21000000
2011-04-27,1.795333,1.824000,1.775333,1.805333,1.805333,14953500
2011-04-28,1.804667,1.846000,1.781333,1.844000,1.844000,24000000
2011-04-29,1.846000,1.858000,1.828000,1.840000,1.840000,10890000
2011-05-02,1.840000,1.853333,1.804000,1.830000,1.830000,11769000
2011-05-03,1.825333,1.826000,1.766667,1.791333,1.791333,13708500
2011-05-04,1.785333,1.800000,1.716667,1.779333,1.779333,15667500
2011-05-05,1.813333,1.829333,1.744667,1.762667,1.762667,18277500
2011-05-06,1.793333,1.846667,1.774667,1.808000,1.808000,14725500
2011-05-09,1.800000,1.866667,1.790000,1.860667,1.860667,13746000
2011-05-10,1.882667,1.930000,1.860667,1.888667,1.888667,23029500
2011-05-11,1.880000,1.886667,1.794667,1.804667,1.804667,14437500
2011-05-12,1.804667,1.849333,1.776667,1.844667,1.844667,9420000
2011-05-13,1.866667,1.879333,1.820000,1.836667,1.836667,9922500
2011-05-16,1.866000,1.866000,1.770000,1.773333,1.773333,11335500
2011-05-17,1.800000,1.800000,1.714667,1.730667,1.730667,18513000
2011-05-18,1.740000,1.764667,1.701333,1.756667,1.756667,10942500
2011-05-19,1.802000,1.896000,1.773333,1.880000,1.880000,39826500
2011-05-20,1.884000,1.885333,1.823333,1.864667,1.864667,12637500
2011-05-23,1.841333,1.841333,1.774667,1.788000,1.788000,12954000
2011-05-24,1.801333,1.833333,1.773333,1.781333,1.781333,9205500
2011-05-25,1.793333,1.934000,1.744667,1.932000,1.932000,70396500
2011-05-26,1.921333,1.984000,1.873333,1.965333,1.965333,50053500
2011-05-27,1.969333,1.978000,1.921333,1.970000,1.970000,25306500
2011-05-31,1.979333,2.018667,1.970000,2.009333,2.009333,49357500
2011-06-01,2.000000,2.006667,1.892000,1.901333,1.901333,22948500
2011-06-02,1.901333,1.954667,1.900667,1.917333,1.917333,14794500
2011-06-03,1.996667,2.100000,1.966667,2.008667,2.008667,93138000
2011-06-06,2.006667,2.008667,1.884000,1.913333,1.913333,34966500
2011-06-07,1.929333,1.959333,1.884000,1.891333,1.891333,18331500
2011-06-08,1.896000,1.906667,1.801333,1.808000,1.808000,25438500
2011-06-09,1.828667,1.873333,1.806667,1.841333,1.841333,24048000
2011-06-10,1.834667,1.886667,1.823333,1.857333,1.857333,23499000
2011-06-13,1.871333,1.925333,1.858667,1.895333,1.895333,25701000
2011-06-14,1.902667,1.980000,1.901333,1.906667,1.906667,23601000
2011-06-15,1.896000,1.896667,1.804667,1.821333,1.821333,20175000
2011-06-16,1.844667,1.866667,1.716000,1.766667,1.766667,27633000
2011-06-17,1.791333,1.846667,1.742667,1.766667,1.766667,25710000
2011-06-20,1.752667,1.764000,1.700000,1.734000,1.734000,23067000
2011-06-21,1.749333,1.848667,1.733333,1.835333,1.835333,22440000
2011-06-22,1.824667,1.883333,1.806667,1.814000,1.814000,22134000
2011-06-23,1.813333,1.848000,1.747333,1.847333,1.847333,17550000
2011-06-24,1.842667,1.864667,1.817333,1.838000,1.838000,54127500
2011-06-27,1.848667,1.885333,1.820667,1.830667,1.830667,27141000
2011-06-28,1.852667,1.883333,1.844667,1.874000,1.874000,13338000
2011-06-29,1.900000,1.939333,1.871333,1.886000,1.886000,21927000
2011-06-30,1.900000,1.955333,1.893333,1.942000,1.942000,14200500
2011-07-01,1.938000,1.973333,1.920000,1.934667,1.934667,12823500
2011-07-05,1.934667,1.968000,1.914000,1.942667,1.942667,14940000
2011-07-06,1.942667,1.942667,1.903333,1.930667,1.930667,13903500
2011-07-07,1.942667,2.000000,1.934000,1.982000,1.982000,19918500
2011-07-08,1.992667,1.992667,1.906000,1.920667,1.920667,18609000
2011-07-11,1.893333,1.902000,1.866667,1.890000,1.890000,14637000
2011-07-12,1.891333,1.939333,1.866667,1.878000,1.878000,15681000
2011-07-13,1.895333,1.935333,1.860000,1.909333,1.909333,15990000
2011-07-14,1.902000,1.930667,1.816667,1.840667,1.840667,17385000
2011-07-15,1.852667,1.855333,1.826667,1.838667,1.838667,10635000
2011-07-18,1.822667,1.830000,1.775333,1.815333,1.815333,12778500
2011-07-19,1.838667,1.874000,1.836000,1.859333,1.859333,15391500
2011-07-20,1.866667,2.029333,1.853333,1.912667,1.912667,45724500
2011-07-21,1.927333,1.944000,1.873333,1.913333,1.913333,15172500
2011-07-22,1.913333,1.969333,1.903333,1.952667,1.952667,8752500
2011-07-25,1.934000,1.950000,1.896000,1.899333,1.899333,10099500
2011-07-26,1.887333,1.918000,1.864667,1.866667,1.866667,11409000
2011-07-27,1.900000,1.900000,1.834000,1.842667,1.842667,14377500
2011-07-28,1.840000,1.903333,1.836000,1.878000,1.878000,14080500
2011-07-29,1.853333,1.893333,1.833333,1.878000,1.878000,14223000
2011-08-01,1.911333,1.932000,1.880667,1.918000,1.918000,17473500
2011-08-02,1.912667,1.946667,1.818000,1.822667,1.822667,23241000
2011-08-03,1.833333,1.855333,1.756000,1.813333,1.813333,26917500
2011-08-04,1.767333,1.792667,1.644667,1.650000,1.650000,45967500
2011-08-05,1.666000,1.692000,1.522000,1.616000,1.616000,29466000
2011-08-08,1.540000,1.629333,1.540000,1.576000,1.576000,39127500
2011-08-09,1.610000,1.696667,1.580000,1.670667,1.670667,20001000
2011-08-10,1.696000,1.696000,1.575333,1.588000,1.588000,23463000
2011-08-11,1.602667,1.716667,1.600000,1.686667,1.686667,12547500
2011-08-12,1.706667,1.809333,1.690667,1.754000,1.754000,15136500
2011-08-15,1.774667,1.783333,1.728667,1.748667,1.748667,11079000
2011-08-16,1.742000,1.769333,1.722000,1.740000,1.740000,8065500
2011-08-17,1.759333,1.776667,1.700667,1.722000,1.722000,9655500
2011-08-18,1.666667,1.676667,1.564667,1.617333,1.617333,15849000
2011-08-19,1.590667,1.614667,1.466667,1.486667,1.486667,20629500
2011-08-22,1.540667,1.586667,1.445333,1.463333,1.463333,14791500
2011-08-23,1.462000,1.540667,1.433333,1.530667,1.530667,13035000
2011-08-24,1.540000,1.595333,1.522000,1.591333,1.591333,10264500
2011-08-25,1.591333,1.591333,1.526667,1.540667,1.540667,10197000
2011-08-26,1.514000,1.596667,1.471333,1.582000,1.582000,11427000
2011-08-29,1.614667,1.656667,1.601333,1.647333,1.647333,12051000
2011-08-30,1.633333,1.651333,1.606000,1.642000,1.642000,5493000
2011-08-31,1.653333,1.700000,1.618667,1.649333,1.649333,12357000
2011-09-01,1.644000,1.658000,1.589333,1.600000,1.600000,12721500
2011-09-02,1.577333,1.599333,1.512000,1.538000,1.538000,11548500
2011-09-06,1.500000,1.546667,1.486000,1.529333,1.529333,12147000
2011-09-07,1.559333,1.600000,1.552000,1.589333,1.589333,6888000
2011-09-08,1.572000,1.602000,1.552000,1.574000,1.574000,7585500
2011-09-09,1.558000,1.571333,1.503333,1.531333,1.531333,10039500
2011-09-12,1.500000,1.554000,1.496667,1.525333,1.525333,8499000
2011-09-13,1.534000,1.606667,1.516667,1.605333,1.605333,10897500
2011-09-14,1.616667,1.656000,1.586000,1.622667,1.622667,12462000
2011-09-15,1.638667,1.662000,1.622000,1.654667,1.654667,8439000
2011-09-16,1.652000,1.722667,1.632667,1.720000,1.720000,21256500
2011-09-19,1.663333,1.720667,1.588000,1.718000,1.718000,17361000
2011-09-20,1.732000,1.773333,1.711333,1.734000,1.734000,17706000
2011-09-21,1.730000,1.796667,1.713333,1.723333,1.723333,14814000
2011-09-22,1.709333,1.740667,1.658667,1.708667,1.708667,11637000
2011-09-23,1.699333,1.774667,1.690000,1.758667,1.758667,17346000
2011-09-26,1.768000,1.768000,1.660000,1.701333,1.701333,14022000
2011-09-27,1.733333,1.799333,1.704667,1.746000,1.746000,10117500
2011-09-28,1.733333,1.766667,1.634000,1.639333,1.639333,10849500
2011-09-29,1.714667,1.721333,1.570000,1.608000,1.608000,13944000
2011-09-30,1.653333,1.659333,1.566000,1.626000,1.626000,20041500
2011-10-03,1.663333,1.666667,1.550000,1.582000,1.582000,15348000
2011-10-04,1.552667,1.621333,1.528667,1.577333,1.577333,18004500
2011-10-05,1.602000,1.722667,1.556667,1.691333,1.691333,18442500
2011-10-06,1.691333,1.840000,1.668000,1.797333,1.797333,26536500
2011-10-07,1.798667,1.840000,1.736667,1.799333,1.799333,19674000
2011-10-10,1.820667,1.878667,1.800000,1.858667,1.858667,13852500
2011-10-11,1.834000,1.851333,1.806000,1.840667,1.840667,8635500
2011-10-12,1.816667,1.866667,1.813333,1.853333,1.853333,16851000
2011-10-13,1.842000,1.898000,1.829333,1.862667,1.862667,15652500
2011-10-14,1.866667,1.903333,1.817333,1.870000,1.870000,21007500
2011-10-17,1.857333,1.866667,1.817333,1.828000,1.828000,11317500
2011-10-18,1.820000,1.895333,1.780667,1.889333,1.889333,14995500
2011-10-19,1.868000,1.870667,1.820000,1.838000,1.838000,11893500
2011-10-20,1.829333,1.831333,1.800000,1.822667,1.822667,14995500
2011-10-21,1.826667,1.886667,1.800667,1.868667,1.868667,17139000
2011-10-24,1.858000,1.926000,1.850000,1.903333,1.903333,14109000
2011-10-25,1.882000,1.924000,1.853333,1.883333,1.883333,9816000
2011-10-26,1.879333,1.891333,1.826667,1.865333,1.865333,7657500
2011-10-27,1.889333,1.930000,1.874000,1.917333,1.917333,13041000
2011-10-28,1.900000,2.000000,1.867333,1.991333,1.991333,18960000
2011-10-31,1.966667,1.967333,1.916667,1.958000,1.958000,17010000
2011-11-01,1.892667,1.928000,1.866667,1.925333,1.925333,9528000
2011-11-02,1.933333,1.950667,1.883333,1.914000,1.914000,13129500
2011-11-03,2.000000,2.166000,1.968667,2.164000,2.164000,37645500
2011-11-04,2.097333,2.160000,2.034000,2.154000,2.154000,45493500
2011-11-07,2.109333,2.133333,2.050000,2.084667,2.084667,18994500
2011-11-08,2.091333,2.133333,2.048000,2.122667,2.122667,17518500
2011-11-09,2.058000,2.099333,2.020000,2.058667,2.058667,14305500
2011-11-10,2.062667,2.100000,2.043333,2.088667,2.088667,11209500
2011-11-11,2.126667,2.300000,2.038000,2.242667,2.242667,58024500
2011-11-14,2.200000,2.236000,2.174667,2.214667,2.214667,19885500
2011-11-15,2.194667,2.293333,2.182000,2.262000,2.262000,13365000
2011-11-16,2.232000,2.333333,2.226667,2.329333,2.329333,27498000
2011-11-17,2.300000,2.326667,2.212667,2.245333,2.245333,20239500
2011-11-18,2.242667,2.274000,2.169333,2.173333,2.173333,13542000
2011-11-21,2.162667,2.162667,2.070000,2.117333,2.117333,15474000
2011-11-22,2.117333,2.186000,2.070000,2.138000,2.138000,10989000
2011-11-23,2.117333,2.136667,2.083333,2.096667,2.096667,6777000
2011-11-25,2.103333,2.160667,2.072000,2.110667,2.110667,3594000
2011-11-28,2.133333,2.218667,2.120667,2.170667,2.170667,10218000
2011-11-29,2.166000,2.204667,2.108667,2.116667,2.116667,8866500
2011-11-30,2.166667,2.195333,2.148000,2.182667,2.182667,11404500
2011-12-01,2.171333,2.266000,2.132000,2.173333,2.173333,15453000
2011-12-02,2.188667,2.246000,2.160000,2.220000,2.220000,12042000
2011-12-05,2.235333,2.333333,2.228667,2.294667,2.294667,17401500
2011-12-06,2.280000,2.332000,2.268667,2.324667,2.324667,14277000
2011-12-07,2.308667,2.326000,2.253333,2.279333,2.279333,10114500
2011-12-08,2.056000,2.110000,1.974000,2.059333,2.059333,49587000
2011-12-09,2.036000,2.074667,2.018667,2.069333,2.069333,18592500
2011-12-12,2.029333,2.041333,2.001333,2.027333,2.027333,11380500
2011-12-13,2.038000,2.062000,1.927333,1.963333,1.963333,14911500
2011-12-14,1.966667,1.978667,1.866667,1.902000,1.902000,17458500
2011-12-15,1.911333,1.944667,1.874667,1.908000,1.908000,10504500
2011-12-16,1.919333,1.928667,1.865333,1.866667,1.866667,15445500
2011-12-19,1.872667,1.900000,1.824667,1.850000,1.850000,14805000
2011-12-20,1.870000,1.896667,1.848000,1.860000,1.860000,12649500
2011-12-21,1.860667,1.871333,1.735333,1.838000,1.838000,25582500
2011-12-22,1.840000,1.870000,1.820000,1.851333,1.851333,15141000
2011-12-23,1.866667,1.866667,1.834667,1.860000,1.860000,8871000
2011-12-27,1.844000,1.918000,1.842667,1.904667,1.904667,11662500
2011-12-28,1.932667,1.949333,1.869333,1.900667,1.900667,8628000
2011-12-29,1.906000,1.956000,1.903333,1.915333,1.915333,7323000
2011-12-30,1.899333,1.932000,1.883333,1.904000,1.904000,5097000
2012-01-03,1.929333,1.966667,1.843333,1.872000,1.872000,13921500
2012-01-04,1.880667,1.911333,1.833333,1.847333,1.847333,9451500
2012-01-05,1.850667,1.862000,1.790000,1.808000,1.808000,15082500
2012-01-06,1.813333,1.852667,1.760667,1.794000,1.794000,14794500
2012-01-09,1.800000,1.832667,1.741333,1.816667,1.816667,13455000
2012-01-10,1.829333,1.850667,1.816667,1.841333,1.841333,10077000
2012-01-11,1.841333,1.892000,1.820000,1.882000,1.882000,10084500
2012-01-12,1.898667,1.908000,1.854000,1.883333,1.883333,10939500
2012-01-13,1.893333,1.900000,1.509333,1.519333,1.519333,82506000
2012-01-17,1.774667,1.822667,1.760667,1.773333,1.773333,69774000
2012-01-18,1.779333,1.792000,1.750000,1.787333,1.787333,18903000
2012-01-19,1.812667,1.849333,1.774000,1.784000,1.784000,18694500
2012-01-20,1.793333,1.800000,1.760000,1.773333,1.773333,9934500
2012-01-23,1.787333,1.814000,1.773333,1.784667,1.784667,8919000
2012-01-24,1.775333,1.845333,1.762667,1.828000,1.828000,12870000
2012-01-25,1.818000,1.867333,1.803333,1.864667,1.864667,9168000
2012-01-26,1.871333,1.972000,1.866667,1.929333,1.929333,19066500
2012-01-27,1.900000,1.981333,1.900000,1.955333,1.955333,11226000
2012-01-30,1.966000,1.974000,1.902000,1.971333,1.971333,10935000
2012-01-31,1.993333,2.000000,1.924667,1.938000,1.938000,14346000
2012-02-01,1.938000,1.980000,1.933333,1.972000,1.972000,7848000
2012-02-02,1.981333,2.058667,1.974000,2.016667,2.016667,12085500
2012-02-03,2.027333,2.088667,2.016667,2.076667,2.076667,11467500
2012-02-06,2.073333,2.126667,2.070000,2.120000,2.120000,9781500
2012-02-07,2.120000,2.120000,2.054667,2.106667,2.106667,15324000
2012-02-08,2.106667,2.134000,2.086000,2.128667,2.128667,9355500
2012-02-09,2.133333,2.193333,2.095333,2.172000,2.172000,19156500
2012-02-10,2.150667,2.151333,1.989333,2.073333,2.073333,28113000
2012-02-13,2.103333,2.137333,2.060000,2.099333,2.099333,17368500
2012-02-14,2.116000,2.252667,2.093333,2.211333,2.211333,27162000
2012-02-15,2.206667,2.294000,2.151333,2.240000,2.240000,41427000
2012-02-16,2.233333,2.300667,2.169333,2.278667,2.278667,33295500
2012-02-17,2.266000,2.331333,2.233333,2.331333,2.331333,20650500
2012-02-21,2.324667,2.324667,2.254000,2.300000,2.300000,17037000
2012-02-22,2.300000,2.314667,2.166667,2.281333,2.281333,24819000
2012-02-23,2.266000,2.331333,2.237333,2.302000,2.302000,12306000
2012-02-24,2.282000,2.301333,2.218000,2.250000,2.250000,14398500
2012-02-27,2.227333,2.266667,2.200000,2.241333,2.241333,9090000
2012-02-28,2.242667,2.296000,2.211333,2.254000,2.254000,9183000
2012-02-29,2.254000,2.274667,2.209333,2.227333,2.227333,8035500
2012-03-01,2.234000,2.300000,2.220667,2.294000,2.294000,10552500
2012-03-02,2.293333,2.300000,2.247333,2.269333,2.269333,8250000
2012-03-05,2.290000,2.293333,2.230667,2.251333,2.251333,7005000
2012-03-06,2.216667,2.218667,2.174667,2.207333,2.207333,8607000
2012-03-07,2.208000,2.220667,2.194000,2.208000,2.208000,5473500
2012-03-08,2.207333,2.232667,2.202667,2.204667,2.204667,9499500
2012-03-09,2.213333,2.354000,2.213333,2.316000,2.316000,23301000
2012-03-12,2.312667,2.419333,2.306667,2.400667,2.400667,29449500
2012-03-13,2.434000,2.439333,2.366667,2.406000,2.406000,15024000
2012-03-14,2.400000,2.400000,2.320000,2.352667,2.352667,12772500
2012-03-15,2.352000,2.365333,2.318667,2.333333,2.333333,8574000
2012-03-16,2.326667,2.392667,2.322000,2.354667,2.354667,10939500
2012-03-19,2.350667,2.354667,2.302667,2.332000,2.332000,15234000
2012-03-20,2.332000,2.346667,2.304667,2.330667,2.330667,8505000
2012-03-21,2.329333,2.353333,2.306667,2.343333,2.343333,9108000
2012-03-22,2.331333,2.343333,2.286667,2.293333,2.293333,7836000
2012-03-23,2.284000,2.308667,2.210000,2.272000,2.272000,17559000
2012-03-26,2.372667,2.539333,2.336000,2.493333,2.493333,47107500
2012-03-27,2.477333,2.663333,2.468667,2.529333,2.529333,38088000
2012-03-28,2.518667,2.562667,2.474000,2.523333,2.523333,14325000
2012-03-29,2.546000,2.546000,2.468667,2.488667,2.488667,11946000
2012-03-30,2.501333,2.529333,2.445333,2.482667,2.482667,13296000
2012-04-02,2.488667,2.531333,2.435333,2.438667,2.438667,15429000
2012-04-03,2.446667,2.564667,2.444667,2.534000,2.534000,16471500
2012-04-04,2.351333,2.366000,2.312667,2.333333,2.333333,67227000
2012-04-05,2.340000,2.362667,2.294000,2.298667,2.298667,22641000
2012-04-09,2.273333,2.286000,2.206667,2.210000,2.210000,24835500
2012-04-10,2.210000,2.256667,2.140000,2.164000,2.164000,27715500
2012-04-11,2.216000,2.219333,2.134000,2.206000,2.206000,16582500
2012-04-12,2.251333,2.298667,2.194667,2.229333,2.229333,15508500
2012-04-13,2.262667,2.269333,2.190000,2.239333,2.239333,9744000
2012-04-16,2.227333,2.246667,2.139333,2.150000,2.150000,16494000
2012-04-17,2.162000,2.204667,2.136000,2.149333,2.149333,16732500
2012-04-18,2.139333,2.183333,2.102000,2.177333,2.177333,12346500
2012-04-19,2.183333,2.228667,2.166667,2.210667,2.210667,11623500
2012-04-20,2.209333,2.248667,2.196000,2.210667,2.210667,12327000
2012-04-23,2.190667,2.198000,2.114000,2.129333,2.129333,13362000
2012-04-24,2.121333,2.146667,2.066667,2.121333,2.121333,10117500
2012-04-25,2.138000,2.199333,2.138000,2.194000,2.194000,10683000
2012-04-26,2.197333,2.234667,2.194000,2.232667,2.232667,6379500
2012-04-27,2.240000,2.242000,2.194000,2.222667,2.222667,8865000
2012-04-30,2.218000,2.224000,2.172000,2.208667,2.208667,6208500
2012-05-01,2.208667,2.280667,2.208667,2.252000,2.252000,9885000
2012-05-02,2.233333,2.292667,2.226000,2.262667,2.262667,7459500
2012-05-03,2.260667,2.266667,2.142000,2.164000,2.164000,12619500
2012-05-04,2.154667,2.164000,2.093333,2.122000,2.122000,18712500
2012-05-07,2.130667,2.172000,2.107333,2.164667,2.164667,17370000
2012-05-08,2.166667,2.182000,1.958000,2.012667,2.012667,46458000
2012-05-09,2.020000,2.051333,1.984000,2.004000,2.004000,29218500
2012-05-10,2.198000,2.312000,2.160000,2.197333,2.197333,83344500
2012-05-11,2.166000,2.229333,2.144000,2.150000,2.150000,18319500
2012-05-14,2.128000,2.142000,2.003333,2.004000,2.004000,20713500
2012-05-15,2.017333,2.064000,1.948000,1.962000,1.962000,23785500
2012-05-16,1.972000,2.012000,1.925333,1.945333,1.945333,18856500
2012-05-17,1.953333,1.986000,1.882667,1.904667,1.904667,17235000
2012-05-18,1.891333,1.897333,1.788667,1.837333,1.837333,24247500
2012-05-21,1.838667,1.950667,1.808000,1.918000,1.918000,22128000
2012-05-22,2.006667,2.089333,2.000000,2.053333,2.053333,35493000
2012-05-23,2.037333,2.070000,1.966667,2.068000,2.068000,18306000
2012-05-24,2.083333,2.083333,1.979333,2.018667,2.018667,16134000
2012-05-25,2.010667,2.027333,1.946667,1.987333,1.987333,11355000
2012-05-29,2.000667,2.128667,2.000667,2.112667,2.112667,24750000
2012-05-30,2.072000,2.094667,2.016000,2.027333,2.027333,19608000
2012-05-31,2.004667,2.019333,1.916667,1.966667,1.966667,16780500
2012-06-01,1.902000,1.944000,1.850667,1.876667,1.876667,13287000
2012-06-04,1.868667,1.894000,1.807333,1.858667,1.858667,15463500
2012-06-05,1.856000,1.892667,1.837333,1.860667,1.860667,9463500
2012-06-06,1.880000,1.963333,1.876000,1.948000,1.948000,13648500
2012-06-07,1.987333,1.991333,1.923333,1.928667,1.928667,7381500
2012-06-08,1.924000,2.012667,1.876667,2.005333,2.005333,13216500
2012-06-11,2.020667,2.066667,1.930667,1.941333,1.941333,9540000
2012-06-12,1.948667,1.989333,1.920667,1.977333,1.977333,8535000
2012-06-13,1.970000,2.042667,1.964667,1.984667,1.984667,12661500
2012-06-14,2.012000,2.043333,1.908000,1.959333,1.959333,13083000
2012-06-15,1.959333,1.996667,1.920667,1.994000,1.994000,9702000
2012-06-18,1.996000,2.155333,1.966667,2.122667,2.122667,18852000
2012-06-19,2.134667,2.177333,2.100000,2.139333,2.139333,13666500
2012-06-20,2.233333,2.300000,2.214000,2.252000,2.252000,51336000
2012-06-21,2.284000,2.285333,2.122667,2.146000,2.146000,28378500
2012-06-22,2.173333,2.265333,2.164000,2.252667,2.252667,45699000
2012-06-25,2.262667,2.274667,2.183333,2.207333,2.207333,22477500
2012-06-26,2.136667,2.156667,2.092667,2.107333,2.107333,39208500
2012-06-27,2.126667,2.163333,2.104667,2.130667,2.130667,15708000
2012-06-28,2.126667,2.140667,2.041333,2.094000,2.094000,13711500
2012-06-29,2.186667,2.186667,2.066667,2.086000,2.086000,16887000
2012-07-02,2.090000,2.120000,2.012667,2.026667,2.026667,19734000
2012-07-03,2.040000,2.066667,2.026667,2.044000,2.044000,14205000
2012-07-05,2.054000,2.111333,2.053333,2.082000,2.082000,18807000
2012-07-06,2.066000,2.115333,2.053333,2.066000,2.066000,11767500
2012-07-09,2.062667,2.122000,2.044667,2.099333,2.099333,13657500
2012-07-10,2.102667,2.165333,2.059333,2.084667,2.084667,11376000
2012-07-11,2.104667,2.112000,2.067333,2.100667,2.100667,9579000
2012-07-12,2.086000,2.200667,2.053333,2.180000,2.180000,16885500
2012-07-13,2.198000,2.293333,2.188667,2.283333,2.283333,19572000
2012-07-16,2.288000,2.400000,2.260000,2.397333,2.397333,26160000
2012-07-17,2.333333,2.347333,2.158667,2.223333,2.223333,38539500
2012-07-18,2.094667,2.244667,2.070667,2.143333,2.143333,43228500
2012-07-19,2.181333,2.210000,2.136000,2.151333,2.151333,21538500
2012-07-20,2.138000,2.150000,2.083333,2.119333,2.119333,23527500
2012-07-23,2.070000,2.086667,2.041333,2.044000,2.044000,20802000
2012-07-24,2.044000,2.069333,1.974667,1.989333,1.989333,22504500
2012-07-25,1.994667,1.998667,1.916667,1.930000,1.930000,42633000
2012-07-26,1.993333,2.000000,1.842667,1.875333,1.875333,33934500
2012-07-27,1.914000,1.977333,1.873333,1.967333,1.967333,25095000
2012-07-30,1.967333,2.016667,1.814000,1.823333,1.823333,30978000
2012-07-31,1.836000,1.864667,1.823333,1.828000,1.828000,23626500
2012-08-01,1.866000,1.866000,1.735333,1.750000,1.750000,23884500
2012-08-02,1.789333,1.790000,1.701333,1.740000,1.740000,19576500
2012-08-03,1.793333,1.836667,1.782667,1.818000,1.818000,18142500
2012-08-06,1.836667,1.913333,1.836667,1.884667,1.884667,22923000
2012-08-07,1.918000,2.060000,1.900000,2.016667,2.016667,35808000
2012-08-08,1.993333,2.000000,1.906000,1.939333,1.939333,19633500
2012-08-09,1.968000,2.000000,1.942000,1.960667,1.960667,10089000
2012-08-10,1.954000,1.996000,1.954000,1.996000,1.996000,10611000
2012-08-13,1.979333,2.086667,1.940000,2.078000,2.078000,13051500
2012-08-14,2.050000,2.078000,1.950667,1.961333,1.961333,11901000
2012-08-15,1.959333,1.980000,1.920667,1.960000,1.960000,7881000
2012-08-16,1.968667,2.026000,1.966667,2.020000,2.020000,10035000
2012-08-17,2.019333,2.047333,1.998667,2.000667,2.000667,7623000
2012-08-20,2.010000,2.026000,1.940000,1.967333,1.967333,17686500
2012-08-21,1.972000,2.000000,1.933333,1.940667,1.940667,11424000
2012-08-22,1.934000,2.002667,1.934000,1.996667,1.996667,11632500
2012-08-23,2.000000,2.056667,1.976667,2.048667,2.048667,22065000
2012-08-24,2.004000,2.016000,1.960667,1.966667,1.966667,21441000
2012-08-27,1.971333,1.980000,1.878000,1.888000,1.888000,20256000
2012-08-28,1.893333,1.958667,1.866667,1.912667,1.912667,21040500
2012-08-29,1.899333,1.909333,1.868000,1.894000,1.894000,12583500
2012-08-30,1.906667,1.916000,1.873333,1.894000,1.894000,9846000
2012-08-31,1.907333,1.922667,1.880000,1.901333,1.901333,8097000
2012-09-04,1.901333,1.932667,1.860000,1.876000,1.876000,11287500
2012-09-05,1.867333,1.900000,1.854000,1.862667,1.862667,9589500
2012-09-06,1.866667,1.926667,1.860000,1.903333,1.903333,12625500
2012-09-07,1.903333,1.971333,1.900000,1.956667,1.956667,14298000
2012-09-10,1.946667,1.956667,1.820000,1.824667,1.824667,22249500
2012-09-11,1.850667,1.877333,1.826667,1.853333,1.853333,15223500
2012-09-12,1.860000,1.905333,1.853333,1.885333,1.885333,17178000
2012-09-13,1.904667,1.966667,1.898667,1.965333,1.965333,22270500
2012-09-14,2.000000,2.043333,1.976667,2.026000,2.026000,23049000
2012-09-17,2.156667,2.185333,2.100667,2.169333,2.169333,48192000
2012-09-18,2.125333,2.126667,2.045333,2.089333,2.089333,26827500
2012-09-19,2.066667,2.116000,2.062667,2.070000,2.070000,15727500
2012-09-20,2.062000,2.100000,2.045333,2.060000,2.060000,13686000
2012-09-21,2.073333,2.099333,1.969333,2.001333,2.001333,28050000
2012-09-24,1.967333,2.068667,1.960000,2.044000,2.044000,19528500
2012-09-25,1.908000,1.965333,1.835333,1.844000,1.844000,85206000
2012-09-26,1.844000,1.893333,1.832000,1.836000,1.836000,22908000
2012-09-27,1.854667,1.902667,1.840000,1.899333,1.899333,26379000
2012-09-28,1.915333,1.992667,1.907333,1.952000,1.952000,65151000
2012-10-01,1.966667,1.992667,1.933333,1.944000,1.944000,13266000
2012-10-02,1.952000,1.992667,1.933333,1.986667,1.986667,10935000
2012-10-03,1.983333,1.996667,1.949333,1.953333,1.953333,15792000
2012-10-04,2.000000,2.006667,1.910000,1.960000,1.960000,23119500
2012-10-05,1.980000,1.987333,1.912000,1.926000,1.926000,14079000
2012-10-08,1.924000,1.960000,1.907333,1.950000,1.950000,13345500
2012-10-09,1.941333,1.941333,1.883333,1.891333,1.891333,17895000
2012-10-10,1.892667,1.914667,1.867333,1.893333,1.893333,7554000
2012-10-11,1.929333,1.932000,1.883333,1.888000,1.888000,6759000
2012-10-12,1.888000,1.915333,1.833333,1.842667,1.842667,14814000
2012-10-15,1.868000,1.870000,1.790667,1.822000,1.822000,22030500
2012-10-16,1.844667,1.872667,1.822667,1.870667,1.870667,7189500
2012-10-17,1.883333,1.922667,1.853333,1.921333,1.921333,10020000
2012-10-18,1.932667,1.932667,1.852000,1.869333,1.869333,11115000
2012-10-19,1.855333,1.880000,1.820000,1.849333,1.849333,15411000
2012-10-22,1.866000,1.866667,1.824000,1.856667,1.856667,7053000
2012-10-23,1.825333,1.904000,1.824667,1.892667,1.892667,11235000
2012-10-24,1.901333,1.901333,1.816667,1.828000,1.828000,15246000
2012-10-25,1.853333,1.853333,1.830000,1.834667,1.834667,8665500
2012-10-26,1.835333,1.853333,1.801333,1.825333,1.825333,7161000
2012-10-31,1.846667,1.890000,1.824667,1.875333,1.875333,11628000
2012-11-01,1.883333,1.966000,1.880000,1.950000,1.950000,15361500
2012-11-02,1.951333,1.970000,1.903333,1.928000,1.928000,15454500
2012-11-05,1.986667,2.105333,1.955333,2.100000,2.100000,30733500
2012-11-06,2.040667,2.080000,1.996667,2.076667,2.076667,34860000
2012-11-07,2.066667,2.136667,2.054000,2.102667,2.102667,25717500
2012-11-08,2.067333,2.125333,2.062667,2.087333,2.087333,19110000
2012-11-09,2.040000,2.062000,1.990000,2.021333,2.021333,12945000
2012-11-12,2.019333,2.094667,2.010667,2.071333,2.071333,8338500
2012-11-13,2.086000,2.133333,2.048000,2.107333,2.107333,14974500
2012-11-14,2.130667,2.141333,2.080000,2.092000,2.092000,13069500
2012-11-15,2.086667,2.096000,2.033333,2.054667,2.054667,14760000
2012-11-16,2.076667,2.133333,2.039333,2.122667,2.122667,13630500
2012-11-19,2.138000,2.216667,2.122667,2.194667,2.194667,20886000
2012-11-20,2.186667,2.206667,2.127333,2.200000,2.200000,13837500
2012-11-21,2.174000,2.231333,2.152667,2.164667,2.164667,14448000
2012-11-23,2.173333,2.188667,2.113333,2.142000,2.142000,6454500
2012-11-26,2.140000,2.153333,2.108000,2.151333,2.151333,7437000
2012-11-27,2.142000,2.177333,2.101333,2.143333,2.143333,13662000
2012-11-28,2.133333,2.286000,2.127333,2.215333,2.215333,22878000
2012-11-29,2.229333,2.266667,2.191333,2.246000,2.246000,16551000
2012-11-30,2.242000,2.285333,2.200667,2.254667,2.254667,21304500
2012-12-03,2.259333,2.333333,2.233333,2.308000,2.308000,31285500
2012-12-04,2.272000,2.320000,2.236667,2.260000,2.260000,18949500
2012-12-05,2.254667,2.279333,2.238667,2.247333,2.247333,9922500
2012-12-06,2.254667,2.320000,2.233333,2.260000,2.260000,9906000
2012-12-07,2.286667,2.299333,2.256667,2.278000,2.278000,9966000
2012-12-10,2.295333,2.320000,2.278667,2.304667,2.304667,13947000
2012-12-11,2.306667,2.366667,2.297333,2.352000,2.352000,23589000
2012-12-12,2.347333,2.386667,2.330000,2.350667,2.350667,30957000
2012-12-13,2.350667,2.353333,2.183333,2.240667,2.240667,32269500
2012-12-14,2.252000,2.293333,2.239333,2.254000,2.254000,15345000
2012-12-17,2.251333,2.300000,2.250000,2.293333,2.293333,12373500
2012-12-18,2.284000,2.338000,2.284000,2.306000,2.306000,23308500
2012-12-19,2.316667,2.350667,2.301333,2.307333,2.307333,19482000
2012-12-20,2.300667,2.319333,2.270000,2.295333,2.295333,13818000
2012-12-21,2.262667,2.278000,2.238667,2.266667,2.266667,22386000
2012-12-24,2.242667,2.290000,2.236667,2.285333,2.285333,5637000
2012-12-26,2.264000,2.300000,2.233333,2.239333,2.239333,9021000
2012-12-27,2.233333,2.260667,2.200000,2.246000,2.246000,8416500
2012-12-28,2.225333,2.243333,2.201333,2.214667,2.214667,6211500
2012-12-31,2.200000,2.264667,2.200000,2.258000,2.258000,8923500
2013-01-02,2.333333,2.363333,2.314000,2.357333,2.357333,17922000
2013-01-03,2.345333,2.363333,2.316667,2.318000,2.318000,11130000
2013-01-04,2.320000,2.320000,2.261333,2.293333,2.293333,10110000
2013-01-07,2.320000,2.320000,2.260000,2.289333,2.289333,6630000
2013-01-08,2.300000,2.300000,2.207333,2.245333,2.245333,19260000
2013-01-09,2.267333,2.279333,2.226667,2.242667,2.242667,10470000
2013-01-10,2.258000,2.266000,2.225333,2.235333,2.235333,13837500
2013-01-11,2.269333,2.269333,2.140667,2.194000,2.194000,23448000
2013-01-14,2.205333,2.225333,2.190000,2.217333,2.217333,13876500
2013-01-15,2.207333,2.283333,2.205333,2.260000,2.260000,24363000
2013-01-16,2.256667,2.282000,2.248667,2.273333,2.273333,20673000
2013-01-17,2.277333,2.323333,2.261333,2.292000,2.292000,21550500
2013-01-18,2.316000,2.318667,2.254667,2.301333,2.301333,53326500
2013-01-22,2.304000,2.370000,2.284000,2.346000,2.346000,28803000
2013-01-23,2.334667,2.416000,2.330667,2.400000,2.400000,23464500
2013-01-24,2.400000,2.514667,2.389333,2.466000,2.466000,29556000
2013-01-25,2.466667,2.502667,2.453333,2.465333,2.465333,19317000
2013-01-28,2.457333,2.580667,2.457333,2.535333,2.535333,29790000
2013-01-29,2.540000,2.562667,2.475333,2.530000,2.530000,21399000
2013-01-30,2.523333,2.533333,2.495333,2.501333,2.501333,14521500
2013-01-31,2.524667,2.524667,2.462000,2.500667,2.500667,13521000
2013-02-01,2.544667,2.566667,2.508000,2.553333,2.553333,16509000
2013-02-04,2.560000,2.561333,2.506000,2.516000,2.516000,16920000
2013-02-05,2.533333,2.576667,2.512000,2.542000,2.542000,19653000
2013-02-06,2.545333,2.626000,2.526667,2.611333,2.611333,28398000
2013-02-07,2.612667,2.645333,2.596667,2.632000,2.632000,17949000
2013-02-08,2.630000,2.666667,2.609333,2.616000,2.616000,17097000
2013-02-11,2.532000,2.610000,2.500000,2.561333,2.561333,48994500
2013-02-12,2.563333,2.591333,2.486000,2.526000,2.526000,33919500
2013-02-13,2.553333,2.600000,2.536667,2.563333,2.563333,14502000
2013-02-14,2.576000,2.583333,2.547333,2.551333,2.551333,14860500
2013-02-15,2.566667,2.567333,2.463333,2.469333,2.469333,30264000
2013-02-19,2.490667,2.619333,2.487333,2.618667,2.618667,40521000
2013-02-20,2.620000,2.643333,2.564000,2.569333,2.569333,46830000
2013-02-21,2.432667,2.492667,2.302667,2.344000,2.344000,135567000
2013-02-22,2.381333,2.426000,2.373333,2.407333,2.407333,38209500
2013-02-25,2.410000,2.450000,2.289333,2.292000,2.292000,43341000
2013-02-26,2.297333,2.330667,2.253333,2.295333,2.295333,41443500
2013-02-27,2.294000,2.360667,2.293333,2.340000,2.340000,29388000
2013-02-28,2.392667,2.406667,2.291333,2.322000,2.322000,29473500
2013-03-01,2.333333,2.338667,2.283333,2.310000,2.310000,23199000
2013-03-04,2.318000,2.388667,2.313333,2.372000,2.372000,26365500
2013-03-05,2.400000,2.461333,2.386000,2.443333,2.443333,31305000
2013-03-06,2.467333,2.525333,2.464667,2.512667,2.512667,17250000
2013-03-07,2.515333,2.576667,2.458667,2.548667,2.548667,17374500
2013-03-08,2.537333,2.629333,2.490667,2.564667,2.564667,13681500
2013-03-11,2.591333,2.629333,2.576667,2.606667,2.606667,23692500
2013-03-12,2.593333,2.625333,2.590000,2.608000,2.608000,19126500
2013-03-13,2.600000,2.632667,2.587333,2.598667,2.598667,12330000
2013-03-14,2.593333,2.594000,2.451333,2.456667,2.456667,30315000
2013-03-15,2.442667,2.443333,2.347333,2.352667,2.352667,49194000
2013-03-18,2.353333,2.404000,2.328000,2.343333,2.343333,19741500
2013-03-19,2.350000,2.373333,2.329333,2.338667,2.338667,16477500
2013-03-20,2.350667,2.404667,2.344000,2.396667,2.396667,21345000
2013-03-21,2.396667,2.470667,2.382667,2.400667,2.400667,17194500
2013-03-22,2.413333,2.453333,2.413333,2.441333,2.441333,6603000
2013-03-25,2.473333,2.568000,2.451333,2.502000,2.502000,35682000
2013-03-26,2.532000,2.548000,2.510667,2.524000,2.524000,27123000
2013-03-27,2.529333,2.558667,2.487333,2.544000,2.544000,19444500
2013-03-28,2.548667,2.549333,2.516667,2.526000,2.526000,17380500
2013-04-01,2.824000,3.112000,2.780000,2.928667,2.928667,211477500
2013-04-02,2.906667,3.033333,2.900667,2.956000,2.956000,99786000
2013-04-03,2.873333,2.898000,2.680667,2.740000,2.740000,84654000
2013-04-04,2.740667,2.816667,2.720667,2.800667,2.800667,33972000
2013-04-05,2.800000,2.800000,2.700000,2.758000,2.758000,23286000
2013-04-08,2.798000,2.836667,2.767333,2.788667,2.788667,25185000
2013-04-09,2.786667,2.788667,2.688667,2.700000,2.700000,25441500
2013-04-10,2.713333,2.800667,2.707333,2.790667,2.790667,31816500
2013-04-11,2.804000,2.970000,2.783333,2.906000,2.906000,51711000
2013-04-12,2.883333,3.009333,2.870000,2.916667,2.916667,47241000
2013-04-15,2.900000,2.920000,2.834000,2.886667,2.886667,25221000
2013-04-16,2.946000,3.076000,2.927333,3.039333,3.039333,47706000
2013-04-17,3.033333,3.063333,2.969333,3.030000,3.030000,31777500
2013-04-18,3.065333,3.173333,3.026000,3.131333,3.131333,50518500
2013-04-19,3.164000,3.325333,3.138000,3.188667,3.188667,45175500
2013-04-22,3.240000,3.346667,3.183333,3.346000,3.346000,59091000
2013-04-23,3.400000,3.528000,3.377333,3.400667,3.400667,56007000
2013-04-24,3.393333,3.403333,3.265333,3.362000,3.362000,39450000
2013-04-25,3.366667,3.493333,3.366667,3.466667,3.466667,41938500
2013-04-26,3.542000,3.582667,3.374667,3.413333,3.413333,54331500
2013-04-29,3.450667,3.666000,3.413333,3.662667,3.662667,54595500
2013-04-30,3.733333,3.878667,3.584000,3.599333,3.599333,82839000
2013-05-01,3.732667,3.732667,3.533333,3.552000,3.552000,41142000
2013-05-02,3.590000,3.684667,3.580000,3.607333,3.607333,45756000
2013-05-03,3.764667,3.764667,3.633333,3.636667,3.636667,50680500
2013-05-06,3.759333,3.977333,3.700000,3.966667,3.966667,65500500
2013-05-07,4.133333,4.158000,3.674667,3.700667,3.700667,149865000
2013-05-08,3.833333,3.880000,3.714000,3.719333,3.719333,101548500
2013-05-09,4.674667,5.051333,4.246000,4.626667,4.626667,429075000
2013-05-10,4.643333,5.400000,4.616667,5.117333,5.117333,376239000
2013-05-13,5.399333,5.866667,5.276667,5.853333,5.853333,336253500
2013-05-14,6.281333,6.474667,5.410000,5.549333,5.549333,557458500
2013-05-15,5.453333,5.792000,5.207333,5.656000,5.656000,253180500
2013-05-16,6.313333,6.333333,5.910667,6.150000,6.150000,324210000
2013-05-17,6.166667,6.296000,5.833333,6.100000,6.100000,285033000
2013-05-20,6.074667,6.166667,5.908667,5.996000,5.996000,125226000
2013-05-21,5.900000,5.999333,5.685333,5.839333,5.839333,134973000
2013-05-22,5.758000,6.064000,5.700000,5.816000,5.816000,128520000
2013-05-23,5.654000,6.200667,5.536667,6.182000,6.182000,180333000
2013-05-24,6.173333,6.530000,6.133333,6.472000,6.472000,241863000
2013-05-28,6.770000,7.383333,6.686667,7.355333,7.355333,295378500
2013-05-29,7.570000,7.660000,6.600000,6.975333,6.975333,376492500
2013-05-30,6.830667,7.302667,6.746667,6.996667,6.996667,242005500
2013-05-31,7.084000,7.096000,6.515333,6.517333,6.517333,227580000
2013-06-03,6.508000,6.508000,5.883333,6.172667,6.172667,287094000
2013-06-04,6.183333,6.428000,6.160000,6.322667,6.322667,132841500
2013-06-05,6.244000,6.531333,5.940667,6.358000,6.358000,183372000
2013-06-06,6.350000,6.618000,6.340667,6.490000,6.490000,142663500
2013-06-07,6.533333,6.860000,6.446667,6.802667,6.802667,160674000
2013-06-10,6.595333,6.834667,6.571333,6.670000,6.670000,138429000
2013-06-11,6.545333,6.578667,6.270000,6.298000,6.298000,110910000
2013-06-12,6.453333,6.698667,6.383333,6.515333,6.515333,137890500
2013-06-13,6.600000,6.618667,6.341333,6.545333,6.545333,89424000
2013-06-14,6.666667,6.834667,6.622000,6.686667,6.686667,98470500
2013-06-17,6.906667,6.983333,6.746667,6.813333,6.813333,105993000
2013-06-18,6.783333,6.932000,6.613333,6.892667,6.892667,131929500
2013-06-19,6.804000,7.111333,6.800667,6.978667,6.978667,128683500
2013-06-20,6.976667,7.142000,6.630000,6.710000,6.710000,151597500
2013-06-21,6.913333,6.913333,6.500000,6.636667,6.636667,175779000
2013-06-24,6.433333,6.858000,6.353333,6.766000,6.766000,106797000
2013-06-25,6.873333,6.946667,6.703333,6.826667,6.826667,87730500
2013-06-26,6.920000,7.058000,6.844000,7.048000,7.048000,99039000
2013-06-27,7.116667,7.350000,7.075333,7.283333,7.283333,131173500
2013-06-28,7.238000,7.296000,7.114000,7.157333,7.157333,86229000
2013-07-01,7.290667,7.851333,7.276667,7.812000,7.812000,163554000
2013-07-02,7.883333,8.126000,7.700000,7.854667,7.854667,180961500
2013-07-03,7.866667,7.950000,7.618000,7.682667,7.682667,72100500
2013-07-05,7.888000,8.018667,7.713333,8.006000,8.006000,102280500
2013-07-08,8.091333,8.145333,7.921333,8.107333,8.107333,117213000
2013-07-09,8.309333,8.354667,8.127333,8.230000,8.230000,129049500
2013-07-10,8.212667,8.216667,8.052667,8.151333,8.151333,84001500
2013-07-11,8.325333,8.406000,8.156667,8.374000,8.374000,112254000
2013-07-12,8.366667,8.662667,8.300667,8.660000,8.660000,170160000
2013-07-15,8.868667,8.884000,8.454667,8.484000,8.484000,148836000
2013-07-16,8.418667,8.421333,7.153333,7.270000,7.270000,485578500
2013-07-17,7.101333,8.108000,6.966667,8.016667,8.016667,390435000
2013-07-18,8.064667,8.182000,7.745333,7.935333,7.935333,170971500
2013-07-19,7.900000,8.036667,7.767333,7.978667,7.978667,88354500
2013-07-22,7.992667,8.445333,7.992000,8.162000,8.162000,146967000
2013-07-23,8.266667,8.370667,8.121333,8.182667,8.182667,116046000
2013-07-24,8.298000,8.300000,7.970667,8.113333,8.113333,103035000
2013-07-25,8.026667,8.316667,8.012667,8.271333,8.271333,79264500
2013-07-26,8.542667,8.712000,8.440667,8.626000,8.626000,144496500
2013-07-29,8.621333,9.024667,8.550000,8.974667,8.974667,145183500
2013-07-30,8.986667,9.166000,8.545333,8.782667,8.782667,196905000
2013-07-31,8.838000,8.998000,8.763333,8.952000,8.952000,95275500
2013-08-01,9.000000,9.101333,8.842000,9.036667,9.036667,79854000
2013-08-02,8.972667,9.216667,8.907333,9.200000,9.200000,94048500
2013-08-05,9.334000,9.659333,9.310000,9.645333,9.645333,153010500
2013-08-06,9.650000,9.715333,9.406667,9.476667,9.476667,138817500
2013-08-07,9.459333,9.463333,8.824000,8.948667,8.948667,273183000
2013-08-08,10.290000,10.592000,10.030667,10.232000,10.232000,408702000
2013-08-09,10.160000,10.396667,10.083333,10.200000,10.200000,133915500
2013-08-12,9.962000,10.033333,9.470000,9.825333,9.825333,223683000
2013-08-13,9.966667,9.989333,9.630000,9.695333,9.695333,131233500
2013-08-14,9.514667,9.656000,9.203333,9.290667,9.290667,175407000
2013-08-15,9.095333,9.573333,9.000000,9.311333,9.311333,152688000
2013-08-16,9.442000,9.594000,9.398000,9.466667,9.466667,106621500
2013-08-19,9.562000,9.825333,9.522000,9.660000,9.660000,120565500
2013-08-20,9.910000,9.985333,9.800000,9.972000,9.972000,96273000
2013-08-21,10.000000,10.020667,9.750000,9.857333,9.857333,93994500
2013-08-22,9.948000,10.498667,9.876000,10.473333,10.473333,158886000
2013-08-23,10.466667,10.820000,10.333333,10.789333,10.789333,193978500
2013-08-26,11.010000,11.533333,10.683333,10.948000,10.948000,362566500
2013-08-27,10.820000,11.253333,10.730000,11.134000,11.134000,263503500
2013-08-28,11.270667,11.433333,10.883333,11.096667,11.096667,221101500
2013-08-29,10.948000,11.183333,10.834000,11.070667,11.070667,141540000
2013-08-30,11.091333,11.280667,10.930667,11.266667,11.266667,165426000
2013-09-03,11.560000,11.580000,11.093333,11.262667,11.262667,180916500
2013-09-04,11.318000,11.441333,11.037333,11.374667,11.374667,172135500
2013-09-05,11.340000,11.433333,11.216667,11.328667,11.328667,100279500
2013-09-06,11.238000,11.313333,11.010000,11.131333,11.131333,129295500
2013-09-09,10.874667,10.966667,10.567333,10.713333,10.713333,215167500
2013-09-10,10.763333,11.166667,10.708667,11.091333,11.091333,134517000
2013-09-11,11.094000,11.193333,10.808667,10.901333,10.901333,87487500
2013-09-12,10.933333,11.117333,10.700667,10.995333,10.995333,92400000
2013-09-13,10.851333,11.091333,10.810667,11.036000,11.036000,81018000
2013-09-16,11.200000,11.390000,11.056667,11.105333,11.105333,113623500
2013-09-17,11.005333,11.228000,10.890667,11.082000,11.082000,82453500
2013-09-18,11.138000,11.163333,10.946667,11.081333,11.081333,81595500
2013-09-19,11.386667,12.031333,11.272000,11.861333,11.861333,233919000
2013-09-20,11.926667,12.388667,11.904000,12.226000,12.226000,201025500
2013-09-23,12.298667,12.365333,11.807333,12.074000,12.074000,122601000
2013-09-24,11.942667,12.330667,11.843333,12.155333,12.155333,94101000
2013-09-25,12.237333,12.420000,12.033333,12.349333,12.349333,123790500
2013-09-26,12.446667,12.645333,12.374000,12.576000,12.576000,99216000
2013-09-27,12.501333,12.752000,12.428667,12.726667,12.726667,88746000
2013-09-30,12.600000,12.966667,12.533333,12.891333,12.891333,133870500
2013-10-01,12.930667,12.948667,12.558000,12.866667,12.866667,116338500
2013-10-02,12.572667,12.788667,11.693333,12.063333,12.063333,311631000
2013-10-03,11.670000,11.979333,11.200000,11.554000,11.554000,357247500
2013-10-04,11.760000,12.078667,11.510000,12.065333,12.065333,216210000
2013-10-07,12.164000,12.448667,12.017333,12.204667,12.204667,172284000
2013-10-08,12.293333,12.395333,11.547333,11.648667,11.648667,206358000
2013-10-09,11.648667,11.666000,10.766667,11.252000,11.252000,229747500
2013-10-10,11.539333,11.716667,11.312667,11.528667,11.528667,133258500
2013-10-11,11.516667,11.952667,11.413333,11.913333,11.913333,124666500
2013-10-14,11.666667,12.166667,11.610000,11.981333,11.981333,116544000
2013-10-15,12.352000,12.586000,12.212000,12.262667,12.262667,164677500
2013-10-16,12.326667,12.486667,12.139333,12.237333,12.237333,123081000
2013-10-17,12.236000,12.320000,12.066000,12.186667,12.186667,100575000
2013-10-18,12.276667,12.397333,12.168000,12.226667,12.226667,88962000
2013-10-21,12.218667,12.226000,11.400000,11.506667,11.506667,172981500
2013-10-22,11.366667,11.852000,11.074000,11.436000,11.436000,170800500
2013-10-23,11.260667,11.454000,10.676667,10.966667,10.966667,199806000
2013-10-24,11.000000,11.633333,10.855333,11.543333,11.543333,162385500
2013-10-25,11.614000,11.633333,11.120000,11.310667,11.310667,113932500
2013-10-28,11.345333,11.366667,10.813333,10.857333,10.857333,117625500
2013-10-29,10.850667,11.030000,10.200000,10.964667,10.964667,211675500
2013-10-30,10.975333,11.178667,10.544667,10.614667,10.614667,126027000
2013-10-31,10.378000,10.829333,10.220000,10.662667,10.662667,140007000
2013-11-01,10.866667,11.060000,10.694000,10.811333,10.811333,107709000
2013-11-04,11.000000,11.692667,10.948000,11.680000,11.680000,196806000
2013-11-05,12.000000,12.095333,11.424000,11.787333,11.787333,337006500
2013-11-06,10.320667,10.715333,9.756667,10.077333,10.077333,466075500
2013-11-07,9.612667,9.710000,9.174667,9.318000,9.318000,334270500
2013-11-08,9.098667,9.373333,8.821333,9.196667,9.196667,337168500
2013-11-11,9.400000,9.694667,9.140000,9.646667,9.646667,209964000
2013-11-12,9.646000,9.646667,9.078667,9.186667,9.186667,224778000
2013-11-13,9.389333,9.491333,9.089333,9.246667,9.246667,189874500
2013-11-14,9.261333,9.360000,8.940667,9.173333,9.173333,183055500
2013-11-15,9.123333,9.196667,8.956667,9.030000,9.030000,148503000
2013-11-18,9.018000,9.030000,7.974000,8.105333,8.105333,347073000
2013-11-19,7.962000,8.600000,7.948000,8.406000,8.406000,297243000
2013-11-20,8.405333,8.496667,7.937333,8.074000,8.074000,207744000
2013-11-21,8.192667,8.319333,8.016667,8.140000,8.140000,178557000
2013-11-22,8.105333,8.183333,7.862000,8.092000,8.092000,166450500
2013-11-25,8.300000,8.389333,8.020000,8.056000,8.056000,154009500
2013-11-26,7.958667,8.181333,7.740000,8.033333,8.033333,208282500
2013-11-27,8.087333,8.463333,7.968000,8.462667,8.462667,185514000
2013-11-29,8.651333,8.706000,8.465333,8.485333,8.485333,145743000
2013-12-02,8.423333,8.570000,8.262000,8.278000,8.278000,116268000
2013-12-03,8.845333,9.662667,8.772667,9.646667,9.646667,385236000
2013-12-04,9.621333,9.628667,9.142000,9.263333,9.263333,197215500
2013-12-05,9.343333,9.556667,9.300000,9.365333,9.365333,139326000
2013-12-06,9.434000,9.499333,9.086667,9.157333,9.157333,118644000
2013-12-09,9.133333,9.446667,8.947333,9.440000,9.440000,135922500
2013-12-10,9.336667,9.724667,9.324000,9.479333,9.479333,161223000
2013-12-11,9.458667,9.536667,9.299333,9.310000,9.310000,107067000
2013-12-12,9.313333,9.882667,9.235333,9.831333,9.831333,161517000
2013-12-13,9.870000,10.120000,9.821333,9.843333,9.843333,158878500
2013-12-16,9.898667,10.028667,9.740000,9.862667,9.862667,100129500
2013-12-17,9.838667,10.308667,9.754667,10.164000,10.164000,157425000
2013-12-18,10.149333,10.326667,9.730000,9.865333,9.865333,173728500
2013-12-19,9.793333,9.800000,9.273333,9.381333,9.381333,191100000
2013-12-20,9.438667,9.623333,9.438667,9.549333,9.549333,111189000
2013-12-23,9.656667,9.749333,9.506667,9.570000,9.570000,80782500
2013-12-24,10.000000,10.331333,9.988000,10.094000,10.094000,149122500
2013-12-26,10.336000,10.533333,10.286000,10.366667,10.366667,106942500
2013-12-27,10.353333,10.366667,10.053333,10.074667,10.074667,81903000
2013-12-30,10.074667,10.320667,10.050000,10.162667,10.162667,67012500
2013-12-31,10.154667,10.213333,9.910667,10.028667,10.028667,63936000
2014-01-02,9.986667,10.165333,9.770000,10.006667,10.006667,92826000
2014-01-03,10.000000,10.146000,9.906667,9.970667,9.970667,70425000
2014-01-06,10.000000,10.026667,9.682667,9.800000,9.800000,80416500
2014-01-07,9.841333,10.026667,9.683333,9.957333,9.957333,75511500
2014-01-08,9.923333,10.246667,9.917333,10.085333,10.085333,92448000
2014-01-09,10.166667,10.228667,9.790000,9.835333,9.835333,80730000
2014-01-10,9.897333,9.926667,9.483333,9.714667,9.714667,111691500
2014-01-13,9.718667,9.800000,9.188000,9.289333,9.289333,94741500
2014-01-14,9.366667,10.800000,9.111333,10.751333,10.751333,414105000
2014-01-15,11.230000,11.482000,10.806667,10.942000,10.942000,306984000
2014-01-16,10.833333,11.513333,10.826667,11.398000,11.398000,179391000
2014-01-17,11.346000,11.546667,11.196667,11.334000,11.334000,138093000
2014-01-21,11.416000,11.819333,11.387333,11.778667,11.778667,146020500
2014-01-22,11.854000,12.021333,11.650667,11.904000,11.904000,105339000
2014-01-23,11.815333,12.158667,11.561333,12.100000,12.100000,118011000
2014-01-24,11.856667,12.032000,11.568667,11.640000,11.640000,114964500
2014-01-27,11.677333,11.861333,10.980667,11.308000,11.308000,130746000
2014-01-28,11.433333,11.932000,11.400000,11.892000,11.892000,91401000
2014-01-29,11.686667,11.939333,11.542000,11.682000,11.682000,89032500
2014-01-30,11.866667,12.318667,11.800667,12.189333,12.189333,128475000
2014-01-31,11.923333,12.400000,11.900667,12.094000,12.094000,97632000
2014-02-03,12.192667,12.325333,11.677333,11.807333,11.807333,101473500
2014-02-04,12.046667,12.106667,11.746667,11.915333,11.915333,70294500
2014-02-05,11.886667,12.039333,11.290667,11.628000,11.628000,109020000
2014-02-06,11.753333,12.007333,11.733333,11.892000,11.892000,87624000
2014-02-07,12.067333,12.442000,11.973333,12.435333,12.435333,133927500
2014-02-10,12.622667,13.286667,12.621333,13.104000,13.104000,194560500
2014-02-11,13.264667,13.480000,12.846667,13.108000,13.108000,160648500
2014-02-12,13.052000,13.218000,12.954667,13.021333,13.021333,77605500
2014-02-13,12.889333,13.514667,12.883333,13.308667,13.308667,120439500
2014-02-14,13.206667,13.458667,13.133333,13.215333,13.215333,92370000
2014-02-18,13.682667,13.733333,13.424000,13.580000,13.580000,139992000
2014-02-19,13.580000,13.580000,12.894000,12.909333,12.909333,242535000
2014-02-20,14.334000,14.347333,13.751333,13.998000,13.998000,270034500
2014-02-21,14.109333,14.265333,13.946000,13.973333,13.973333,117282000
2014-02-24,13.917333,14.557333,13.888000,14.510000,14.510000,124176000
2014-02-25,15.333333,17.280001,15.230000,16.533333,16.533333,490225500
2014-02-26,17.238667,17.666668,16.500000,16.866667,16.866667,369069000
2014-02-27,17.416668,17.459999,16.555332,16.836000,16.836000,269187000
2014-02-28,16.643333,16.845333,16.170000,16.320667,16.320667,218847000
2014-03-03,15.817333,16.776667,15.666000,16.704000,16.704000,196339500
2014-03-04,17.232000,17.333332,16.855333,16.989332,16.989332,131184000
2014-03-05,17.114668,17.132668,16.786667,16.844000,16.844000,89035500
2014-03-06,16.942667,17.166668,16.629999,16.862667,16.862667,110416500
2014-03-07,16.862667,16.990000,16.294001,16.414000,16.414000,117184500
2014-03-10,16.180000,16.200001,15.737333,15.922667,15.922667,115921500
2014-03-11,15.766667,16.306667,15.495333,15.627333,15.627333,132151500
2014-03-12,15.433333,16.500000,15.407333,16.099333,16.099333,146316000
2014-03-13,16.252666,16.279333,15.600000,15.852667,15.852667,93544500
2014-03-14,15.686000,15.796000,15.221333,15.398000,15.398000,124345500
2014-03-17,15.663333,15.862000,15.366667,15.598667,15.598667,88689000
2014-03-18,15.796667,16.100000,15.668000,16.002666,16.002666,93634500
2014-03-19,16.092667,16.103333,15.567333,15.722667,15.722667,76069500
2014-03-20,15.744000,15.950000,15.557333,15.660667,15.660667,57268500
2014-03-21,15.734667,15.746667,15.166667,15.259333,15.259333,123253500
2014-03-24,15.316667,15.326667,14.018000,14.678000,14.678000,169932000
2014-03-25,14.942667,15.136667,14.526667,14.696000,14.696000,117981000
2014-03-26,14.796667,14.840000,14.090000,14.197333,14.197333,103609500
2014-03-27,14.158000,14.240000,13.533333,13.821333,13.821333,142435500
2014-03-28,14.186667,14.448000,14.018000,14.158000,14.158000,145272000
2014-03-31,14.433333,14.450000,13.759333,13.896667,13.896667,125700000
2014-04-01,13.934667,14.544000,13.905333,14.464667,14.464667,110571000
2014-04-02,14.666667,15.392667,14.536667,15.352667,15.352667,161734500
2014-04-03,15.353333,15.715333,14.800000,15.026667,15.026667,163855500
2014-04-04,15.067333,15.218000,14.083333,14.148667,14.148667,170184000
2014-04-07,13.720667,14.413333,13.567333,13.834667,13.834667,147832500
2014-04-08,14.003333,14.432667,13.761333,14.364000,14.364000,103339500
2014-04-09,14.450667,14.563333,14.059333,14.462000,14.462000,77368500
2014-04-10,14.454667,14.500000,13.586000,13.612667,13.612667,108172500
2014-04-11,13.374000,13.800000,13.240000,13.585333,13.585333,136008000
2014-04-14,13.840000,13.896000,12.960667,13.206000,13.206000,115545000
2014-04-15,13.272667,13.286000,12.288000,12.927333,12.927333,204889500
2014-04-16,13.133333,13.332667,12.721333,13.274000,13.274000,108033000
2014-04-17,13.307333,13.486000,12.938667,13.208000,13.208000,88902000
2014-04-21,13.138667,13.746667,12.933333,13.625333,13.625333,78873000
2014-04-22,13.757333,14.622000,13.667333,14.576000,14.576000,147070500
2014-04-23,14.422000,14.449333,13.800000,13.866000,13.866000,109434000
2014-04-24,14.054000,14.186667,13.546667,13.857333,13.857333,82428000
2014-04-25,13.466667,13.780000,13.176667,13.323333,13.323333,104950500
2014-04-28,13.333333,13.586000,12.700000,13.234000,13.234000,105630000
2014-04-29,13.214000,13.810000,13.035333,13.794667,13.794667,86686500
2014-04-30,13.573333,13.877333,13.418667,13.859333,13.859333,66609000
2014-05-01,13.805333,14.268000,13.712667,13.848667,13.848667,81598500
2014-05-02,13.906667,14.090667,13.768000,14.060667,14.060667,61302000
2014-05-05,13.965333,14.512667,13.901333,14.440667,14.440667,77205000
2014-05-06,14.440000,14.577333,13.790000,13.818667,13.818667,84550500
2014-05-07,13.976000,14.013333,13.150000,13.423333,13.423333,152689500
2014-05-08,12.133333,12.960000,11.866667,11.906000,11.906000,300849000
2014-05-09,11.990667,12.226667,11.814667,12.150667,12.150667,127428000
2014-05-12,12.258000,12.479333,11.992000,12.311333,12.311333,105034500
2014-05-13,12.250667,12.756000,12.200000,12.677333,12.677333,106458000
2014-05-14,12.596667,12.898667,12.473333,12.708000,12.708000,81100500
2014-05-15,12.665333,12.844000,12.353333,12.572667,12.572667,90606000
2014-05-16,12.596667,12.802667,12.514667,12.770667,12.770667,67315500
2014-05-19,12.714667,13.126000,12.666667,13.072667,13.072667,68575500
2014-05-20,13.129333,13.288667,12.871333,13.020000,13.020000,83191500
2014-05-21,13.078667,13.324667,12.986000,13.296667,13.296667,79281000
2014-05-22,13.356667,13.792000,13.304000,13.658667,13.658667,93217500
2014-05-23,13.635333,13.850667,13.500000,13.820000,13.820000,60102000
2014-05-27,13.901333,14.258000,13.846667,14.104000,14.104000,80116500
2014-05-28,14.001333,14.184667,13.684000,14.016000,14.016000,82426500
2014-05-29,14.038000,14.166000,13.848000,14.016000,14.016000,55387500
2014-05-30,14.020000,14.320000,13.801333,13.851333,13.851333,83716500
2014-06-02,13.822000,13.956667,13.444667,13.646667,13.646667,70021500
2014-06-03,13.566000,13.866667,13.506000,13.662667,13.662667,57912000
2014-06-04,13.623333,13.750667,13.360000,13.599333,13.599333,51411000
2014-06-05,13.631333,13.946667,13.603333,13.793333,13.793333,60819000
2014-06-06,13.983333,14.054000,13.812000,13.878000,13.878000,46107000
2014-06-09,13.863333,13.999333,13.613333,13.687333,13.687333,42085500
2014-06-10,13.628667,13.798000,13.436667,13.486667,13.486667,52720500
2014-06-11,13.433333,13.666667,13.283333,13.631333,13.631333,59662500
2014-06-12,13.673333,13.992000,13.514000,13.568000,13.568000,89905500
2014-06-13,13.652000,13.786000,13.438667,13.761333,13.761333,53164500
2014-06-16,13.784000,15.032667,13.750667,14.974000,14.974000,198696000
2014-06-17,14.940667,15.702667,14.856667,15.444667,15.444667,199573500
2014-06-18,15.433333,15.447333,15.074667,15.141333,15.141333,104103000
